Data File Name ,TributaryWaterQuality-Tributaries-Mercury-2012-v1.csv,,,,,,,,,,,
Date File Generated,2014-10-30,,,,,,,,,,,
Context Note ,"This data set includes river water concentrations of total mercury (THg; all forms of mercury in a sample) and methyl mercury (MeHg; the form of mercury that bioaccumulates through food webs) in five Athabasca River tributaries (Ells, Steepbank, Firebag, Muskeg and MacKay rivers).

No samples exceeded the Canadian Council of Ministers of the Environment guidelines for THg and MeHg.",,,,,,,,,,,
Organization Name ,Environment and Climate Change Canada,,,,,,,,,,,
Organization Contact Information ,"200 Sacre-Coeur Blvd, Gatineau, Quebec,  K1A 0H3",,,,,,,,,,,
Email,enviroinfo@canada.ca,,,,,,,,,,,
Program,"Joint Canada-Alberta Implementation Plan for Oil Sands Monitoring (JOSM), Water Implementation Plan Activities –Surface Water Quality - Event-Based Water Quality (http://www.publications.gc.ca/site/eng/436043/publication.html)",,,,,,,,,,,
Principal Investigator ,Jane Kirk,,,,,,,,,,,
Principal Investigator Affiliation ,"Environment and Climate Change Canada, Science and Technology Branch, Water Science and Technology Directorate, Aquatic Contaminants Research Division",,,,,,,,,,,
*Co-investigator ,Derek Muir,,,,,,,,,,,
*Co-investigator Affiliation ,"Environment and Climate Change Canada, Science and Technology Branch, Water Science and Technology Directorate, Aquatic Contaminants Research Division",,,,,,,,,,,
*Principal Investigator Contact Information,,,,,,,,,,,,
Data Steward(s) ,Jane Kirk,,,,,,,,,,,
Open Government Licence-Canada ,http://open.canada.ca/en/open-government-licence-canada,,,,,,,,,,,
Attribution,"Environment and Climate Change Canada, [Year Accessed].  Data File Name [Name of data file], generated [Year-Month-Day]. Accessed on [Year-Month-Day] from [Name and URL of the data portal].",,,,,,,,,,,
Acknowledgement statement ,"The author(s) acknowledge Environment and Climate Change Canada and [if applicable, enter the names of any co-contributors, co-funding agencies, and/or collaborators] for the provision of [type of] data accessed from [Name and URL of the data portal].  [If applicable:  The original data/data files were modified and redistributed and/or used to produce derivative work as follows: …enter details…].    ",,,,,,,,,,,
Quality Assurance Level and Disclaimer ,"Level 1, defined as a complete data set of specified quality that consists of research products subjected to quality assurance and quality control checks and data management procedures.",,,,,,,,,,,
,,,,,,,,,,,,
Total Mercury  (THg) - BrCl oxidation;SnSO2 reduction; CVAFS detection using a Tekran 2500,,,,,,,,,,,,
Methyl mercury (MeHg) - Disillation; aqueous phase ethylation; GC separation; CVAFS using a Brooks Rand MERX,,,,,,,,,,,,
,,,,,,,,,,,,
,,,,,,,,,,,,
Site Name,River Name,"Latitude (Degrees, Minutes, Seconds)","Longitude (Degrees, Minutes, Seconds)",Latitude (Decimal Degrees),Longitude (Decimal Degrees),Date (yyyy-mm-dd),Total Mercury (THg ng L-1),Methyl Mercury (MeHg ng L-1),,,,
EL1- Oil Sands - WQ Event Station Ells River at Mouth sables bitumineux,Ells,"57° 18' 28.260"" N","111° 40' 45.420"" W",57.306777,-111.67973,2012-04-04,1.48,0.038,,,,
EL1- Oil Sands - WQ Event Station Ells River at Mouth sables bitumineux,Ells,"57° 18' 28.260"" N","111° 40' 45.420"" W",57.306777,-111.67973,2012-04-15,1.49,0.076,,,,
EL1- Oil Sands - WQ Event Station Ells River at Mouth sables bitumineux,Ells,"57° 18' 28.260"" N","111° 40' 45.420"" W",57.306777,-111.67973,2012-04-16,1.36,0.073,,,,
EL1- Oil Sands - WQ Event Station Ells River at Mouth sables bitumineux,Ells,"57° 18' 28.260"" N","111° 40' 45.420"" W",57.306777,-111.67973,2012-04-18,1.30,0.044,,,,
EL1- Oil Sands - WQ Event Station Ells River at Mouth sables bitumineux,Ells,"57° 18' 28.260"" N","111° 40' 45.420"" W",57.306777,-111.67973,2012-04-19,1.26,0.082,,,,
EL1- Oil Sands - WQ Event Station Ells River at Mouth sables bitumineux,Ells,"57° 18' 28.260"" N","111° 40' 45.420"" W",57.306777,-111.67973,2012-04-20,1.27,0.054,,,,
EL1- Oil Sands - WQ Event Station Ells River at Mouth sables bitumineux,Ells,"57° 18' 28.260"" N","111° 40' 45.420"" W",57.306777,-111.67973,2012-04-25,3.90,0.031,,,,
EL1- Oil Sands - WQ Event Station Ells River at Mouth sables bitumineux,Ells,"57° 18' 28.260"" N","111° 40' 45.420"" W",57.306777,-111.67973,2012-04-26,4.35,0.043,,,,
EL1- Oil Sands - WQ Event Station Ells River at Mouth sables bitumineux,Ells,"57° 18' 28.260"" N","111° 40' 45.420"" W",57.306777,-111.67973,2012-04-28,5.21,0.054,,,,
EL1- Oil Sands - WQ Event Station Ells River at Mouth sables bitumineux,Ells,"57° 18' 28.260"" N","111° 40' 45.420"" W",57.306777,-111.67973,2012-04-29,7.68,0.028,,,,
EL1- Oil Sands - WQ Event Station Ells River at Mouth sables bitumineux,Ells,"57° 18' 28.260"" N","111° 40' 45.420"" W",57.306777,-111.67973,2012-05-02,10.98,0.016,,,,
EL1- Oil Sands - WQ Event Station Ells River at Mouth sables bitumineux,Ells,"57° 18' 28.260"" N","111° 40' 45.420"" W",57.306777,-111.67973,2012-05-10,4.37,0.010,,,,
EL1- Oil Sands - WQ Event Station Ells River at Mouth sables bitumineux,Ells,"57° 18' 28.260"" N","111° 40' 45.420"" W",57.306777,-111.67973,2012-05-16,2.63,0.010,,,,
EL1- Oil Sands - WQ Event Station Ells River at Mouth sables bitumineux,Ells,"57° 18' 28.260"" N","111° 40' 45.420"" W",57.306777,-111.67973,2012-05-22,2.85,0.086,,,,
EL1- Oil Sands - WQ Event Station Ells River at Mouth sables bitumineux,Ells,"57° 18' 28.260"" N","111° 40' 45.420"" W",57.306777,-111.67973,2012-06-05,1.23,0.090,,,,
EL1- Oil Sands - WQ Event Station Ells River at Mouth sables bitumineux,Ells,"57° 18' 28.260"" N","111° 40' 45.420"" W",57.306777,-111.67973,2012-06-12,1.33,0.088,,,,
EL1- Oil Sands - WQ Event Station Ells River at Mouth sables bitumineux,Ells,"57° 18' 28.260"" N","111° 40' 45.420"" W",57.306777,-111.67973,2012-06-19,1.39,0.079,,,,
EL1- Oil Sands - WQ Event Station Ells River at Mouth sables bitumineux,Ells,"57° 18' 28.260"" N","111° 40' 45.420"" W",57.306777,-111.67973,2012-06-25,1.61,0.265,,,,
EL1- Oil Sands - WQ Event Station Ells River at Mouth sables bitumineux,Ells,"57° 18' 28.260"" N","111° 40' 45.420"" W",57.306777,-111.67973,2012-07-10,2.57,0.098,,,,
EL1- Oil Sands - WQ Event Station Ells River at Mouth sables bitumineux,Ells,"57° 18' 28.260"" N","111° 40' 45.420"" W",57.306777,-111.67973,2012-07-25,4.31,0.263,,,,
EL1- Oil Sands - WQ Event Station Ells River at Mouth sables bitumineux,Ells,"57° 18' 28.260"" N","111° 40' 45.420"" W",57.306777,-111.67973,2012-08-11,2.84,0.108,,,,
EL1- Oil Sands - WQ Event Station Ells River at Mouth sables bitumineux,Ells,"57° 18' 28.260"" N","111° 40' 45.420"" W",57.306777,-111.67973,2012-08-27,1.23,0.091,,,,
STB RIFF WSC - Oil Sands CABIN Biomonitoring - Indicator - WQ Event Station Steepbank River near Water Survey Canada Discharge Station,Steepbank,"56° 59' 58.020"" N","111° 24' 23.700"" W",56.99945,-111.4065833,2012-04-04,1.02,0.03,,,,
STB RIFF WSC - Oil Sands CABIN Biomonitoring - Indicator - WQ Event Station Steepbank River near Water Survey Canada Discharge Station,Steepbank,"56° 59' 58.020"" N","111° 24' 23.700"" W",56.99945,-111.4065833,2012-04-11,0.78,0.03,,,,
STB RIFF WSC - Oil Sands CABIN Biomonitoring - Indicator - WQ Event Station Steepbank River near Water Survey Canada Discharge Station,Steepbank,"56° 59' 58.020"" N","111° 24' 23.700"" W",56.99945,-111.4065833,2012-04-12,0.86,0.03,,,,
STB RIFF WSC - Oil Sands CABIN Biomonitoring - Indicator - WQ Event Station Steepbank River near Water Survey Canada Discharge Station,Steepbank,"56° 59' 58.020"" N","111° 24' 23.700"" W",56.99945,-111.4065833,2012-04-13,1.22,0.04,,,,
STB RIFF WSC - Oil Sands CABIN Biomonitoring - Indicator - WQ Event Station Steepbank River near Water Survey Canada Discharge Station,Steepbank,"56° 59' 58.020"" N","111° 24' 23.700"" W",56.99945,-111.4065833,2012-04-15,1.53,0.05,,,,
STB RIFF WSC - Oil Sands CABIN Biomonitoring - Indicator - WQ Event Station Steepbank River near Water Survey Canada Discharge Station,Steepbank,"56° 59' 58.020"" N","111° 24' 23.700"" W",56.99945,-111.4065833,2012-04-16,1.33,0.04,,,,
STB RIFF WSC - Oil Sands CABIN Biomonitoring - Indicator - WQ Event Station Steepbank River near Water Survey Canada Discharge Station,Steepbank,"56° 59' 58.020"" N","111° 24' 23.700"" W",56.99945,-111.4065833,2012-04-18,1.31,0.05,,,,
STB RIFF WSC - Oil Sands CABIN Biomonitoring - Indicator - WQ Event Station Steepbank River near Water Survey Canada Discharge Station,Steepbank,"56° 59' 58.020"" N","111° 24' 23.700"" W",56.99945,-111.4065833,2012-04-19,2.08,0.07,,,,
STB RIFF WSC - Oil Sands CABIN Biomonitoring - Indicator - WQ Event Station Steepbank River near Water Survey Canada Discharge Station,Steepbank,"56° 59' 58.020"" N","111° 24' 23.700"" W",56.99945,-111.4065833,2012-04-20,1.99,0.07,,,,
STB RIFF WSC - Oil Sands CABIN Biomonitoring - Indicator - WQ Event Station Steepbank River near Water Survey Canada Discharge Station,Steepbank,"56° 59' 58.020"" N","111° 24' 23.700"" W",56.99945,-111.4065833,2012-04-25,4.63,0.05,,,,
STB RIFF WSC - Oil Sands CABIN Biomonitoring - Indicator - WQ Event Station Steepbank River near Water Survey Canada Discharge Station,Steepbank,"56° 59' 58.020"" N","111° 24' 23.700"" W",56.99945,-111.4065833,2012-04-26,4.81,0.02,,,,
STB RIFF WSC - Oil Sands CABIN Biomonitoring - Indicator - WQ Event Station Steepbank River near Water Survey Canada Discharge Station,Steepbank,"56° 59' 58.020"" N","111° 24' 23.700"" W",56.99945,-111.4065833,2012-04-28,4.81,0.02,,,,
STB RIFF WSC - Oil Sands CABIN Biomonitoring - Indicator - WQ Event Station Steepbank River near Water Survey Canada Discharge Station,Steepbank,"56° 59' 58.020"" N","111° 24' 23.700"" W",56.99945,-111.4065833,2012-04-29,5.05,0.03,,,,
STB RIFF WSC - Oil Sands CABIN Biomonitoring - Indicator - WQ Event Station Steepbank River near Water Survey Canada Discharge Station,Steepbank,"56° 59' 58.020"" N","111° 24' 23.700"" W",56.99945,-111.4065833,2012-05-01,5.31,0.02,,,,
STB RIFF WSC - Oil Sands CABIN Biomonitoring - Indicator - WQ Event Station Steepbank River near Water Survey Canada Discharge Station,Steepbank,"56° 59' 58.020"" N","111° 24' 23.700"" W",56.99945,-111.4065833,2012-05-02,7.00,0.02,,,,
STB RIFF WSC - Oil Sands CABIN Biomonitoring - Indicator - WQ Event Station Steepbank River near Water Survey Canada Discharge Station,Steepbank,"56° 59' 58.020"" N","111° 24' 23.700"" W",56.99945,-111.4065833,2012-05-10,3.30,0.02,,,,
STB RIFF WSC - Oil Sands CABIN Biomonitoring - Indicator - WQ Event Station Steepbank River near Water Survey Canada Discharge Station,Steepbank,"56° 59' 58.020"" N","111° 24' 23.700"" W",56.99945,-111.4065833,2012-05-16,2.73,0.03,,,,
STB RIFF WSC - Oil Sands CABIN Biomonitoring - Indicator - WQ Event Station Steepbank River near Water Survey Canada Discharge Station,Steepbank,"56° 59' 58.020"" N","111° 24' 23.700"" W",56.99945,-111.4065833,2012-05-22,3.95,0.04,,,,
STB RIFF WSC - Oil Sands CABIN Biomonitoring - Indicator - WQ Event Station Steepbank River near Water Survey Canada Discharge Station,Steepbank,"56° 59' 58.020"" N","111° 24' 23.700"" W",56.99945,-111.4065833,2012-05-28,,0.02,,,,
STB RIFF WSC - Oil Sands CABIN Biomonitoring - Indicator - WQ Event Station Steepbank River near Water Survey Canada Discharge Station,Steepbank,"56° 59' 58.020"" N","111° 24' 23.700"" W",56.99945,-111.4065833,2012-06-05,2.55,0.08,,,,
STB RIFF WSC - Oil Sands CABIN Biomonitoring - Indicator - WQ Event Station Steepbank River near Water Survey Canada Discharge Station,Steepbank,"56° 59' 58.020"" N","111° 24' 23.700"" W",56.99945,-111.4065833,2012-06-12,2.63,0.07,,,,
STB RIFF WSC - Oil Sands CABIN Biomonitoring - Indicator - WQ Event Station Steepbank River near Water Survey Canada Discharge Station,Steepbank,"56° 59' 58.020"" N","111° 24' 23.700"" W",56.99945,-111.4065833,2012-06-19,12.22,0.06,,,,
STB RIFF WSC - Oil Sands CABIN Biomonitoring - Indicator - WQ Event Station Steepbank River near Water Survey Canada Discharge Station,Steepbank,"56° 59' 58.020"" N","111° 24' 23.700"" W",56.99945,-111.4065833,2012-06-26,4.67,0.08,,,,
STB RIFF WSC - Oil Sands CABIN Biomonitoring - Indicator - WQ Event Station Steepbank River near Water Survey Canada Discharge Station,Steepbank,"56° 59' 58.020"" N","111° 24' 23.700"" W",56.99945,-111.4065833,2012-07-10,7.71,0.07,,,,
STB RIFF WSC - Oil Sands CABIN Biomonitoring - Indicator - WQ Event Station Steepbank River near Water Survey Canada Discharge Station,Steepbank,"56° 59' 58.020"" N","111° 24' 23.700"" W",56.99945,-111.4065833,2012-07-25,3.59,0.22,,,,
STB RIFF WSC - Oil Sands CABIN Biomonitoring - Indicator - WQ Event Station Steepbank River near Water Survey Canada Discharge Station,Steepbank,"56° 59' 58.020"" N","111° 24' 23.700"" W",56.99945,-111.4065833,2012-08-11,2.30,0.23,,,,
STB RIFF WSC - Oil Sands CABIN Biomonitoring - Indicator - WQ Event Station Steepbank River near Water Survey Canada Discharge Station,Steepbank,"56° 59' 58.020"" N","111° 24' 23.700"" W",56.99945,-111.4065833,2012-08-27,2.35,0.17,,,,
STB RIFF 1- Oil Sands CABIN Biomonitoring - Indicator - WQ Event Station Steepbank River ,Steepbank,"57° 1' 23.460"" N","111° 28' 32.580"" W",57.02242,-111.47672,2012-04-04,1.27,0.03,,,,
STB RIFF 1- Oil Sands CABIN Biomonitoring - Indicator - WQ Event Station Steepbank River ,Steepbank,"57° 1' 23.460"" N","111° 28' 32.580"" W",57.02242,-111.47672,2012-04-11,0.78,0.03,,,,
STB RIFF 1- Oil Sands CABIN Biomonitoring - Indicator - WQ Event Station Steepbank River ,Steepbank,"57° 1' 23.460"" N","111° 28' 32.580"" W",57.02242,-111.47672,2012-04-12,0.79,0.04,,,,
STB RIFF 1- Oil Sands CABIN Biomonitoring - Indicator - WQ Event Station Steepbank River ,Steepbank,"57° 1' 23.460"" N","111° 28' 32.580"" W",57.02242,-111.47672,2012-04-13,1.01,0.04,,,,
STB RIFF 1- Oil Sands CABIN Biomonitoring - Indicator - WQ Event Station Steepbank River ,Steepbank,"57° 1' 23.460"" N","111° 28' 32.580"" W",57.02242,-111.47672,2012-04-15,1.31,0.05,,,,
STB RIFF 1- Oil Sands CABIN Biomonitoring - Indicator - WQ Event Station Steepbank River ,Steepbank,"57° 1' 23.460"" N","111° 28' 32.580"" W",57.02242,-111.47672,2012-04-16,1.24,0.04,,,,
STB RIFF 1- Oil Sands CABIN Biomonitoring - Indicator - WQ Event Station Steepbank River ,Steepbank,"57° 1' 23.460"" N","111° 28' 32.580"" W",57.02242,-111.47672,2012-04-18,1.10,0.05,,,,
STB RIFF 1- Oil Sands CABIN Biomonitoring - Indicator - WQ Event Station Steepbank River ,Steepbank,"57° 1' 23.460"" N","111° 28' 32.580"" W",57.02242,-111.47672,2012-04-19,1.49,0.06,,,,
STB RIFF 1- Oil Sands CABIN Biomonitoring - Indicator - WQ Event Station Steepbank River ,Steepbank,"57° 1' 23.460"" N","111° 28' 32.580"" W",57.02242,-111.47672,2012-04-20,2.16,0.07,,,,
STB RIFF 1- Oil Sands CABIN Biomonitoring - Indicator - WQ Event Station Steepbank River ,Steepbank,"57° 1' 23.460"" N","111° 28' 32.580"" W",57.02242,-111.47672,2012-04-25,5.37,0.04,,,,
STB RIFF 1- Oil Sands CABIN Biomonitoring - Indicator - WQ Event Station Steepbank River ,Steepbank,"57° 1' 23.460"" N","111° 28' 32.580"" W",57.02242,-111.47672,2012-04-26,6.42,0.07,,,,
STB RIFF 1- Oil Sands CABIN Biomonitoring - Indicator - WQ Event Station Steepbank River ,Steepbank,"57° 1' 23.460"" N","111° 28' 32.580"" W",57.02242,-111.47672,2012-04-28,4.89,0.05,,,,
STB RIFF 1- Oil Sands CABIN Biomonitoring - Indicator - WQ Event Station Steepbank River ,Steepbank,"57° 1' 23.460"" N","111° 28' 32.580"" W",57.02242,-111.47672,2012-04-29,5.69,0.03,,,,
STB RIFF 1- Oil Sands CABIN Biomonitoring - Indicator - WQ Event Station Steepbank River ,Steepbank,"57° 1' 23.460"" N","111° 28' 32.580"" W",57.02242,-111.47672,2012-05-01,6.07,0.03,,,,
STB RIFF 1- Oil Sands CABIN Biomonitoring - Indicator - WQ Event Station Steepbank River ,Steepbank,"57° 1' 23.460"" N","111° 28' 32.580"" W",57.02242,-111.47672,2012-05-02,7.47,0.02,,,,
STB RIFF 1- Oil Sands CABIN Biomonitoring - Indicator - WQ Event Station Steepbank River ,Steepbank,"57° 1' 23.460"" N","111° 28' 32.580"" W",57.02242,-111.47672,2012-05-03,9.00,0.03,,,,
STB RIFF 1- Oil Sands CABIN Biomonitoring - Indicator - WQ Event Station Steepbank River ,Steepbank,"57° 1' 23.460"" N","111° 28' 32.580"" W",57.02242,-111.47672,2012-05-10,3.95,0.01,,,,
STB RIFF 1- Oil Sands CABIN Biomonitoring - Indicator - WQ Event Station Steepbank River ,Steepbank,"57° 1' 23.460"" N","111° 28' 32.580"" W",57.02242,-111.47672,2012-05-16,2.64,0.02,,,,
STB RIFF 1- Oil Sands CABIN Biomonitoring - Indicator - WQ Event Station Steepbank River ,Steepbank,"57° 1' 23.460"" N","111° 28' 32.580"" W",57.02242,-111.47672,2012-05-22,5.15,0.05,,,,
STB RIFF 1- Oil Sands CABIN Biomonitoring - Indicator - WQ Event Station Steepbank River ,Steepbank,"57° 1' 23.460"" N","111° 28' 32.580"" W",57.02242,-111.47672,2012-06-05,2.85,0.04,,,,
STB RIFF 1- Oil Sands CABIN Biomonitoring - Indicator - WQ Event Station Steepbank River ,Steepbank,"57° 1' 23.460"" N","111° 28' 32.580"" W",57.02242,-111.47672,2012-06-12,2.30,0.09,,,,
STB RIFF 1- Oil Sands CABIN Biomonitoring - Indicator - WQ Event Station Steepbank River ,Steepbank,"57° 1' 23.460"" N","111° 28' 32.580"" W",57.02242,-111.47672,2012-06-26,4.38,0.02,,,,
STB RIFF 1- Oil Sands CABIN Biomonitoring - Indicator - WQ Event Station Steepbank River ,Steepbank,"57° 1' 23.460"" N","111° 28' 32.580"" W",57.02242,-111.47672,2012-08-11,2.27,0.16,,,,
STB RIFF 1- Oil Sands CABIN Biomonitoring - Indicator - WQ Event Station Steepbank River ,Steepbank,"57° 1' 23.460"" N","111° 28' 32.580"" W",57.02242,-111.47672,2012-08-27,2.28,0.17,,,,
STB RIFF 7 - Oil Sands CABIN Biomonitoring - Indicator - WQ Event Station Steepbank River ,Steepbank,"56° 58' 46.320"" N","111° 17' 55.140"" W",56.978528,-111.297333,2012-04-11,0.87,0.02,,,,
STB RIFF 7 - Oil Sands CABIN Biomonitoring - Indicator - WQ Event Station Steepbank River ,Steepbank,"56° 58' 46.320"" N","111° 17' 55.140"" W",56.978528,-111.297333,2012-04-12,0.85,0.03,,,,
STB RIFF 7 - Oil Sands CABIN Biomonitoring - Indicator - WQ Event Station Steepbank River ,Steepbank,"56° 58' 46.320"" N","111° 17' 55.140"" W",56.978528,-111.297333,2012-04-13,1.19,0.04,,,,
STB RIFF 7 - Oil Sands CABIN Biomonitoring - Indicator - WQ Event Station Steepbank River ,Steepbank,"56° 58' 46.320"" N","111° 17' 55.140"" W",56.978528,-111.297333,2012-04-15,1.30,0.05,,,,
STB RIFF 7 - Oil Sands CABIN Biomonitoring - Indicator - WQ Event Station Steepbank River ,Steepbank,"56° 58' 46.320"" N","111° 17' 55.140"" W",56.978528,-111.297333,2012-04-16,1.24,0.04,,,,
STB RIFF 7 - Oil Sands CABIN Biomonitoring - Indicator - WQ Event Station Steepbank River ,Steepbank,"56° 58' 46.320"" N","111° 17' 55.140"" W",56.978528,-111.297333,2012-04-18,1.11,0.03,,,,
STB RIFF 7 - Oil Sands CABIN Biomonitoring - Indicator - WQ Event Station Steepbank River ,Steepbank,"56° 58' 46.320"" N","111° 17' 55.140"" W",56.978528,-111.297333,2012-04-19,1.48,0.04,,,,
STB RIFF 7 - Oil Sands CABIN Biomonitoring - Indicator - WQ Event Station Steepbank River ,Steepbank,"56° 58' 46.320"" N","111° 17' 55.140"" W",56.978528,-111.297333,2012-04-20,1.59,0.06,,,,
STB RIFF 7 - Oil Sands CABIN Biomonitoring - Indicator - WQ Event Station Steepbank River ,Steepbank,"56° 58' 46.320"" N","111° 17' 55.140"" W",56.978528,-111.297333,2012-04-25,3.26,0.06,,,,
STB RIFF 7 - Oil Sands CABIN Biomonitoring - Indicator - WQ Event Station Steepbank River ,Steepbank,"56° 58' 46.320"" N","111° 17' 55.140"" W",56.978528,-111.297333,2012-04-26,4.24,0.02,,,,
STB RIFF 7 - Oil Sands CABIN Biomonitoring - Indicator - WQ Event Station Steepbank River ,Steepbank,"56° 58' 46.320"" N","111° 17' 55.140"" W",56.978528,-111.297333,2012-04-28,4.08,0.02,,,,
STB RIFF 7 - Oil Sands CABIN Biomonitoring - Indicator - WQ Event Station Steepbank River ,Steepbank,"56° 58' 46.320"" N","111° 17' 55.140"" W",56.978528,-111.297333,2012-04-29,4.19,0.02,,,,
STB RIFF 7 - Oil Sands CABIN Biomonitoring - Indicator - WQ Event Station Steepbank River ,Steepbank,"56° 58' 46.320"" N","111° 17' 55.140"" W",56.978528,-111.297333,2012-05-01,5.09,0.02,,,,
STB RIFF 7 - Oil Sands CABIN Biomonitoring - Indicator - WQ Event Station Steepbank River ,Steepbank,"56° 58' 46.320"" N","111° 17' 55.140"" W",56.978528,-111.297333,2012-05-02,5.10,0.04,,,,
STB RIFF 7 - Oil Sands CABIN Biomonitoring - Indicator - WQ Event Station Steepbank River ,Steepbank,"56° 58' 46.320"" N","111° 17' 55.140"" W",56.978528,-111.297333,2012-05-03,5.09,0.03,,,,
STB RIFF 7 - Oil Sands CABIN Biomonitoring - Indicator - WQ Event Station Steepbank River ,Steepbank,"56° 58' 46.320"" N","111° 17' 55.140"" W",56.978528,-111.297333,2012-05-10,2.66,0.01,,,,
STB RIFF 7 - Oil Sands CABIN Biomonitoring - Indicator - WQ Event Station Steepbank River ,Steepbank,"56° 58' 46.320"" N","111° 17' 55.140"" W",56.978528,-111.297333,2012-05-16,2.31,0.05,,,,
STB RIFF 7 - Oil Sands CABIN Biomonitoring - Indicator - WQ Event Station Steepbank River ,Steepbank,"56° 58' 46.320"" N","111° 17' 55.140"" W",56.978528,-111.297333,2012-05-22,3.24,0.04,,,,
STB RIFF 7 - Oil Sands CABIN Biomonitoring - Indicator - WQ Event Station Steepbank River ,Steepbank,"56° 58' 46.320"" N","111° 17' 55.140"" W",56.978528,-111.297333,2012-06-05,2.31,0.13,,,,
STB RIFF 7 - Oil Sands CABIN Biomonitoring - Indicator - WQ Event Station Steepbank River ,Steepbank,"56° 58' 46.320"" N","111° 17' 55.140"" W",56.978528,-111.297333,2012-06-12,2.40,0.13,,,,
STB RIFF 7 - Oil Sands CABIN Biomonitoring - Indicator - WQ Event Station Steepbank River ,Steepbank,"56° 58' 46.320"" N","111° 17' 55.140"" W",56.978528,-111.297333,2012-06-19,14.58,0.15,,,,
STB RIFF 7 - Oil Sands CABIN Biomonitoring - Indicator - WQ Event Station Steepbank River ,Steepbank,"56° 58' 46.320"" N","111° 17' 55.140"" W",56.978528,-111.297333,2012-06-26,5.20,0.07,,,,
STB RIFF 7 - Oil Sands CABIN Biomonitoring - Indicator - WQ Event Station Steepbank River ,Steepbank,"56° 58' 46.320"" N","111° 17' 55.140"" W",56.978528,-111.297333,2012-07-10,6.01,0.05,,,,
STB RIFF 7 - Oil Sands CABIN Biomonitoring - Indicator - WQ Event Station Steepbank River ,Steepbank,"56° 58' 46.320"" N","111° 17' 55.140"" W",56.978528,-111.297333,2012-07-25,3.29,0.21,,,,
STB RIFF 7 - Oil Sands CABIN Biomonitoring - Indicator - WQ Event Station Steepbank River ,Steepbank,"56° 58' 46.320"" N","111° 17' 55.140"" W",56.978528,-111.297333,2012-08-11,2.28,0.14,,,,
STB RIFF 7 - Oil Sands CABIN Biomonitoring - Indicator - WQ Event Station Steepbank River ,Steepbank,"56° 58' 46.320"" N","111° 17' 55.140"" W",56.978528,-111.297333,2012-08-27,2.39,0.14,,,,
FI WSC- Oil Sands - WQ Event Station Firebag River at Water Survey Canada Gauge,Firebag,"57° 39' 2.700"" N","111° 12' 6.900"" W",57.65075,-111.2019167,2012-04-04,0.70,0.04,,,,
FI WSC- Oil Sands - WQ Event Station Firebag River at Water Survey Canada Gauge,Firebag,"57° 39' 2.700"" N","111° 12' 6.900"" W",57.65075,-111.2019167,2012-04-11,0.98,0.03,,,,
FI WSC- Oil Sands - WQ Event Station Firebag River at Water Survey Canada Gauge,Firebag,"57° 39' 2.700"" N","111° 12' 6.900"" W",57.65075,-111.2019167,2012-04-12,1.02,0.04,,,,
FI WSC- Oil Sands - WQ Event Station Firebag River at Water Survey Canada Gauge,Firebag,"57° 39' 2.700"" N","111° 12' 6.900"" W",57.65075,-111.2019167,2012-04-13,1.05,0.04,,,,
FI WSC- Oil Sands - WQ Event Station Firebag River at Water Survey Canada Gauge,Firebag,"57° 39' 2.700"" N","111° 12' 6.900"" W",57.65075,-111.2019167,2012-04-15,1.41,0.04,,,,
FI WSC- Oil Sands - WQ Event Station Firebag River at Water Survey Canada Gauge,Firebag,"57° 39' 2.700"" N","111° 12' 6.900"" W",57.65075,-111.2019167,2012-04-16,1.26,0.04,,,,
FI WSC- Oil Sands - WQ Event Station Firebag River at Water Survey Canada Gauge,Firebag,"57° 39' 2.700"" N","111° 12' 6.900"" W",57.65075,-111.2019167,2012-04-18,1.58,0.04,,,,
FI WSC- Oil Sands - WQ Event Station Firebag River at Water Survey Canada Gauge,Firebag,"57° 39' 2.700"" N","111° 12' 6.900"" W",57.65075,-111.2019167,2012-04-19,1.30,0.05,,,,
FI WSC- Oil Sands - WQ Event Station Firebag River at Water Survey Canada Gauge,Firebag,"57° 39' 2.700"" N","111° 12' 6.900"" W",57.65075,-111.2019167,2012-04-20,1.63,0.05,,,,
FI WSC- Oil Sands - WQ Event Station Firebag River at Water Survey Canada Gauge,Firebag,"57° 39' 2.700"" N","111° 12' 6.900"" W",57.65075,-111.2019167,2012-04-25,2.94,0.02,,,,
FI WSC- Oil Sands - WQ Event Station Firebag River at Water Survey Canada Gauge,Firebag,"57° 39' 2.700"" N","111° 12' 6.900"" W",57.65075,-111.2019167,2012-04-26,5.90,0.03,,,,
FI WSC- Oil Sands - WQ Event Station Firebag River at Water Survey Canada Gauge,Firebag,"57° 39' 2.700"" N","111° 12' 6.900"" W",57.65075,-111.2019167,2012-04-28,3.66,0.02,,,,
FI WSC- Oil Sands - WQ Event Station Firebag River at Water Survey Canada Gauge,Firebag,"57° 39' 2.700"" N","111° 12' 6.900"" W",57.65075,-111.2019167,2012-04-29,4.56,0.03,,,,
FI WSC- Oil Sands - WQ Event Station Firebag River at Water Survey Canada Gauge,Firebag,"57° 39' 2.700"" N","111° 12' 6.900"" W",57.65075,-111.2019167,2012-05-01,3.54,0.01,,,,
FI WSC- Oil Sands - WQ Event Station Firebag River at Water Survey Canada Gauge,Firebag,"57° 39' 2.700"" N","111° 12' 6.900"" W",57.65075,-111.2019167,2012-05-02,3.09,0.01,,,,
FI WSC- Oil Sands - WQ Event Station Firebag River at Water Survey Canada Gauge,Firebag,"57° 39' 2.700"" N","111° 12' 6.900"" W",57.65075,-111.2019167,2012-05-03,2.75,0.02,,,,
FI WSC- Oil Sands - WQ Event Station Firebag River at Water Survey Canada Gauge,Firebag,"57° 39' 2.700"" N","111° 12' 6.900"" W",57.65075,-111.2019167,2012-05-10,1.99,0.01,,,,
FI WSC- Oil Sands - WQ Event Station Firebag River at Water Survey Canada Gauge,Firebag,"57° 39' 2.700"" N","111° 12' 6.900"" W",57.65075,-111.2019167,2012-05-16,1.58,0.02,,,,
FI WSC- Oil Sands - WQ Event Station Firebag River at Water Survey Canada Gauge,Firebag,"57° 39' 2.700"" N","111° 12' 6.900"" W",57.65075,-111.2019167,2012-05-22,1.70,0.03,,,,
FI WSC- Oil Sands - WQ Event Station Firebag River at Water Survey Canada Gauge,Firebag,"57° 39' 2.700"" N","111° 12' 6.900"" W",57.65075,-111.2019167,2012-06-05,1.08,0.06,,,,
FI WSC- Oil Sands - WQ Event Station Firebag River at Water Survey Canada Gauge,Firebag,"57° 39' 2.700"" N","111° 12' 6.900"" W",57.65075,-111.2019167,2012-06-12,1.09,0.08,,,,
FI WSC- Oil Sands - WQ Event Station Firebag River at Water Survey Canada Gauge,Firebag,"57° 39' 2.700"" N","111° 12' 6.900"" W",57.65075,-111.2019167,2012-06-19,1.23,0.02,,,,
FI WSC- Oil Sands - WQ Event Station Firebag River at Water Survey Canada Gauge,Firebag,"57° 39' 2.700"" N","111° 12' 6.900"" W",57.65075,-111.2019167,2012-06-26,1.57,0.05,,,,
FI WSC- Oil Sands - WQ Event Station Firebag River at Water Survey Canada Gauge,Firebag,"57° 39' 2.700"" N","111° 12' 6.900"" W",57.65075,-111.2019167,2012-07-10,3.32,0.10,,,,
FI WSC- Oil Sands - WQ Event Station Firebag River at Water Survey Canada Gauge,Firebag,"57° 39' 2.700"" N","111° 12' 6.900"" W",57.65075,-111.2019167,2012-07-25,1.62,0.14,,,,
FI WSC- Oil Sands - WQ Event Station Firebag River at Water Survey Canada Gauge,Firebag,"57° 39' 2.700"" N","111° 12' 6.900"" W",57.65075,-111.2019167,2012-08-11,1.21,0.08,,,,
FI WSC- Oil Sands - WQ Event Station Firebag River at Water Survey Canada Gauge,Firebag,"57° 39' 2.700"" N","111° 12' 6.900"" W",57.65075,-111.2019167,2012-08-27,1.11,0.05,,,,
FI1- Oil Sands - WQ Event Station Firebag River at Mouth,Firebag,"57° 44' 35.220"" N","111° 21' 9.660"" W",57.743116,-111.352683,2012-04-04,0.57,0.01,,,,
FI1- Oil Sands - WQ Event Station Firebag River at Mouth,Firebag,"57° 44' 35.220"" N","111° 21' 9.660"" W",57.743116,-111.352683,2012-04-12,0.87,0.03,,,,
FI1- Oil Sands - WQ Event Station Firebag River at Mouth,Firebag,"57° 44' 35.220"" N","111° 21' 9.660"" W",57.743116,-111.352683,2012-04-13,0.90,0.04,,,,
FI1- Oil Sands - WQ Event Station Firebag River at Mouth,Firebag,"57° 44' 35.220"" N","111° 21' 9.660"" W",57.743116,-111.352683,2012-04-15,0.99,0.05,,,,
FI1- Oil Sands - WQ Event Station Firebag River at Mouth,Firebag,"57° 44' 35.220"" N","111° 21' 9.660"" W",57.743116,-111.352683,2012-04-16,0.96,0.07,,,,
FI1- Oil Sands - WQ Event Station Firebag River at Mouth,Firebag,"57° 44' 35.220"" N","111° 21' 9.660"" W",57.743116,-111.352683,2012-04-18,1.21,0.04,,,,
FI1- Oil Sands - WQ Event Station Firebag River at Mouth,Firebag,"57° 44' 35.220"" N","111° 21' 9.660"" W",57.743116,-111.352683,2012-04-19,1.28,0.04,,,,
FI1- Oil Sands - WQ Event Station Firebag River at Mouth,Firebag,"57° 44' 35.220"" N","111° 21' 9.660"" W",57.743116,-111.352683,2012-04-20,,0.04,,,,
FI1- Oil Sands - WQ Event Station Firebag River at Mouth,Firebag,"57° 44' 35.220"" N","111° 21' 9.660"" W",57.743116,-111.352683,2012-04-25,3.27,0.02,,,,
FI1- Oil Sands - WQ Event Station Firebag River at Mouth,Firebag,"57° 44' 35.220"" N","111° 21' 9.660"" W",57.743116,-111.352683,2012-04-26,4.17,0.02,,,,
FI1- Oil Sands - WQ Event Station Firebag River at Mouth,Firebag,"57° 44' 35.220"" N","111° 21' 9.660"" W",57.743116,-111.352683,2012-04-28,4.24,0.03,,,,
FI1- Oil Sands - WQ Event Station Firebag River at Mouth,Firebag,"57° 44' 35.220"" N","111° 21' 9.660"" W",57.743116,-111.352683,2012-04-29,4.31,0.02,,,,
FI1- Oil Sands - WQ Event Station Firebag River at Mouth,Firebag,"57° 44' 35.220"" N","111° 21' 9.660"" W",57.743116,-111.352683,2012-05-01,3.80,0.01,,,,
FI1- Oil Sands - WQ Event Station Firebag River at Mouth,Firebag,"57° 44' 35.220"" N","111° 21' 9.660"" W",57.743116,-111.352683,2012-05-02,3.90,0.02,,,,
FI1- Oil Sands - WQ Event Station Firebag River at Mouth,Firebag,"57° 44' 35.220"" N","111° 21' 9.660"" W",57.743116,-111.352683,2012-05-03,3.13,0.05,,,,
FI1- Oil Sands - WQ Event Station Firebag River at Mouth,Firebag,"57° 44' 35.220"" N","111° 21' 9.660"" W",57.743116,-111.352683,2012-05-10,2.03,0.02,,,,
FI1- Oil Sands - WQ Event Station Firebag River at Mouth,Firebag,"57° 44' 35.220"" N","111° 21' 9.660"" W",57.743116,-111.352683,2012-05-16,1.68,0.04,,,,
FI1- Oil Sands - WQ Event Station Firebag River at Mouth,Firebag,"57° 44' 35.220"" N","111° 21' 9.660"" W",57.743116,-111.352683,2012-05-22,1.64,0.01,,,,
FI1- Oil Sands - WQ Event Station Firebag River at Mouth,Firebag,"57° 44' 35.220"" N","111° 21' 9.660"" W",57.743116,-111.352683,2012-06-05,1.04,0.06,,,,
FI1- Oil Sands - WQ Event Station Firebag River at Mouth,Firebag,"57° 44' 35.220"" N","111° 21' 9.660"" W",57.743116,-111.352683,2012-06-12,1.01,0.08,,,,
FI1- Oil Sands - WQ Event Station Firebag River at Mouth,Firebag,"57° 44' 35.220"" N","111° 21' 9.660"" W",57.743116,-111.352683,2012-06-19,1.06,0.05,,,,
FI1- Oil Sands - WQ Event Station Firebag River at Mouth,Firebag,"57° 44' 35.220"" N","111° 21' 9.660"" W",57.743116,-111.352683,2012-06-26,1.67,0.07,,,,
FI1- Oil Sands - WQ Event Station Firebag River at Mouth,Firebag,"57° 44' 35.220"" N","111° 21' 9.660"" W",57.743116,-111.352683,2012-07-10,3.39,0.07,,,,
FI1- Oil Sands - WQ Event Station Firebag River at Mouth,Firebag,"57° 44' 35.220"" N","111° 21' 9.660"" W",57.743116,-111.352683,2012-07-25,1.67,0.15,,,,
FI1- Oil Sands - WQ Event Station Firebag River at Mouth,Firebag,"57° 44' 35.220"" N","111° 21' 9.660"" W",57.743116,-111.352683,2012-08-11,1.23,0.04,,,,
FI1- Oil Sands - WQ Event Station Firebag River at Mouth,Firebag,"57° 44' 35.220"" N","111° 21' 9.660"" W",57.743116,-111.352683,2012-08-27,1.28,0.04,,,,
MA1- Oil Sands - WQ Event Station MacKay River at Mouth ,MacKay,"57° 10' 8.280"" N","111° 38' 31.620"" W",57.16896666,-111.6421167,2012-04-04,1.22,0.04,,,,
MA1- Oil Sands - WQ Event Station MacKay River at Mouth ,MacKay,"57° 10' 8.280"" N","111° 38' 31.620"" W",57.16896666,-111.6421167,2012-04-11,2.13,0.06,,,,
MA1- Oil Sands - WQ Event Station MacKay River at Mouth ,MacKay,"57° 10' 8.280"" N","111° 38' 31.620"" W",57.16896666,-111.6421167,2012-04-12,2.06,0.13,,,,
MA1- Oil Sands - WQ Event Station MacKay River at Mouth ,MacKay,"57° 10' 8.280"" N","111° 38' 31.620"" W",57.16896666,-111.6421167,2012-04-13,2.64,0.09,,,,
MA1- Oil Sands - WQ Event Station MacKay River at Mouth ,MacKay,"57° 10' 8.280"" N","111° 38' 31.620"" W",57.16896666,-111.6421167,2012-04-15,2.51,0.06,,,,
MA1- Oil Sands - WQ Event Station MacKay River at Mouth ,MacKay,"57° 10' 8.280"" N","111° 38' 31.620"" W",57.16896666,-111.6421167,2012-04-16,3.29,0.10,,,,
MA1- Oil Sands - WQ Event Station MacKay River at Mouth ,MacKay,"57° 10' 8.280"" N","111° 38' 31.620"" W",57.16896666,-111.6421167,2012-04-18,3.99,0.10,,,,
MA1- Oil Sands - WQ Event Station MacKay River at Mouth ,MacKay,"57° 10' 8.280"" N","111° 38' 31.620"" W",57.16896666,-111.6421167,2012-04-19,4.37,0.18,,,,
MA1- Oil Sands - WQ Event Station MacKay River at Mouth ,MacKay,"57° 10' 8.280"" N","111° 38' 31.620"" W",57.16896666,-111.6421167,2012-04-20,3.83,0.06,,,,
MA1- Oil Sands - WQ Event Station MacKay River at Mouth ,MacKay,"57° 10' 8.280"" N","111° 38' 31.620"" W",57.16896666,-111.6421167,2012-04-25,7.88,0.05,,,,
MA1- Oil Sands - WQ Event Station MacKay River at Mouth ,MacKay,"57° 10' 8.280"" N","111° 38' 31.620"" W",57.16896666,-111.6421167,2012-04-26,8.65,0.07,,,,
MA1- Oil Sands - WQ Event Station MacKay River at Mouth ,MacKay,"57° 10' 8.280"" N","111° 38' 31.620"" W",57.16896666,-111.6421167,2012-04-28,6.96,0.12,,,,
MA1- Oil Sands - WQ Event Station MacKay River at Mouth ,MacKay,"57° 10' 8.280"" N","111° 38' 31.620"" W",57.16896666,-111.6421167,2012-04-29,9.22,0.08,,,,
MA1- Oil Sands - WQ Event Station MacKay River at Mouth ,MacKay,"57° 10' 8.280"" N","111° 38' 31.620"" W",57.16896666,-111.6421167,2012-05-01,7.05,0.05,,,,
MA1- Oil Sands - WQ Event Station MacKay River at Mouth ,MacKay,"57° 10' 8.280"" N","111° 38' 31.620"" W",57.16896666,-111.6421167,2012-05-02,6.36,0.02,,,,
MA1- Oil Sands - WQ Event Station MacKay River at Mouth ,MacKay,"57° 10' 8.280"" N","111° 38' 31.620"" W",57.16896666,-111.6421167,2012-05-10,5.36,0.01,,,,
MA1- Oil Sands - WQ Event Station MacKay River at Mouth ,MacKay,"57° 10' 8.280"" N","111° 38' 31.620"" W",57.16896666,-111.6421167,2012-05-16,5.68,0.05,,,,
MA1- Oil Sands - WQ Event Station MacKay River at Mouth ,MacKay,"57° 10' 8.280"" N","111° 38' 31.620"" W",57.16896666,-111.6421167,2012-05-22,3.00,0.04,,,,
MA1- Oil Sands - WQ Event Station MacKay River at Mouth ,MacKay,"57° 10' 8.280"" N","111° 38' 31.620"" W",57.16896666,-111.6421167,2012-06-05,2.25,0.14,,,,
MA1- Oil Sands - WQ Event Station MacKay River at Mouth ,MacKay,"57° 10' 8.280"" N","111° 38' 31.620"" W",57.16896666,-111.6421167,2012-06-12,2.92,0.07,,,,
MA1- Oil Sands - WQ Event Station MacKay River at Mouth ,MacKay,"57° 10' 8.280"" N","111° 38' 31.620"" W",57.16896666,-111.6421167,2012-06-19,3.43,0.17,,,,
MA1- Oil Sands - WQ Event Station MacKay River at Mouth ,MacKay,"57° 10' 8.280"" N","111° 38' 31.620"" W",57.16896666,-111.6421167,2012-06-26,2.60,0.35,,,,
MA1- Oil Sands - WQ Event Station MacKay River at Mouth ,MacKay,"57° 10' 8.280"" N","111° 38' 31.620"" W",57.16896666,-111.6421167,2012-07-10,4.02,0.21,,,,
MA1- Oil Sands - WQ Event Station MacKay River at Mouth ,MacKay,"57° 10' 8.280"" N","111° 38' 31.620"" W",57.16896666,-111.6421167,2012-07-25,3.68,0.36,,,,
MA1- Oil Sands - WQ Event Station MacKay River at Mouth ,MacKay,"57° 10' 8.280"" N","111° 38' 31.620"" W",57.16896666,-111.6421167,2012-08-11,3.25,0.34,,,,
MA1- Oil Sands - WQ Event Station MacKay River at Mouth ,MacKay,"57° 10' 8.280"" N","111° 38' 31.620"" W",57.16896666,-111.6421167,2012-08-27,2.10,0.21,,,,
MU7- Oil Sands - WQ Event Station Muskeg River - Upstream of Wapasu Creek ,Muskeg,"57° 24' 24.540"" N","111° 15' 53.160"" W",57.406816,-111.264766,2012-04-11,1.79,0.04,,,,
MU7- Oil Sands - WQ Event Station Muskeg River - Upstream of Wapasu Creek ,Muskeg,"57° 24' 24.540"" N","111° 15' 53.160"" W",57.406816,-111.264766,2012-04-12,1.55,0.04,,,,
MU7- Oil Sands - WQ Event Station Muskeg River - Upstream of Wapasu Creek ,Muskeg,"57° 24' 24.540"" N","111° 15' 53.160"" W",57.406816,-111.264766,2012-04-13,1.47,0.03,,,,
MU7- Oil Sands - WQ Event Station Muskeg River - Upstream of Wapasu Creek ,Muskeg,"57° 24' 24.540"" N","111° 15' 53.160"" W",57.406816,-111.264766,2012-04-15,1.43,0.03,,,,
MU7- Oil Sands - WQ Event Station Muskeg River - Upstream of Wapasu Creek ,Muskeg,"57° 24' 24.540"" N","111° 15' 53.160"" W",57.406816,-111.264766,2012-04-16,1.28,0.04,,,,
MU7- Oil Sands - WQ Event Station Muskeg River - Upstream of Wapasu Creek ,Muskeg,"57° 24' 24.540"" N","111° 15' 53.160"" W",57.406816,-111.264766,2012-04-18,1.26,0.03,,,,
MU7- Oil Sands - WQ Event Station Muskeg River - Upstream of Wapasu Creek ,Muskeg,"57° 24' 24.540"" N","111° 15' 53.160"" W",57.406816,-111.264766,2012-04-19,1.01,0.04,,,,
MU7- Oil Sands - WQ Event Station Muskeg River - Upstream of Wapasu Creek ,Muskeg,"57° 24' 24.540"" N","111° 15' 53.160"" W",57.406816,-111.264766,2012-04-20,0.97,0.03,,,,
MU7- Oil Sands - WQ Event Station Muskeg River - Upstream of Wapasu Creek ,Muskeg,"57° 24' 24.540"" N","111° 15' 53.160"" W",57.406816,-111.264766,2012-04-25,1.15,0.02,,,,
MU7- Oil Sands - WQ Event Station Muskeg River - Upstream of Wapasu Creek ,Muskeg,"57° 24' 24.540"" N","111° 15' 53.160"" W",57.406816,-111.264766,2012-04-26,1.15,0.03,,,,
MU7- Oil Sands - WQ Event Station Muskeg River - Upstream of Wapasu Creek ,Muskeg,"57° 24' 24.540"" N","111° 15' 53.160"" W",57.406816,-111.264766,2012-04-28,0.85,0.03,,,,
MU7- Oil Sands - WQ Event Station Muskeg River - Upstream of Wapasu Creek ,Muskeg,"57° 24' 24.540"" N","111° 15' 53.160"" W",57.406816,-111.264766,2012-04-29,0.91,0.03,,,,
MU7- Oil Sands - WQ Event Station Muskeg River - Upstream of Wapasu Creek ,Muskeg,"57° 24' 24.540"" N","111° 15' 53.160"" W",57.406816,-111.264766,2012-05-01,1.16,,,,,
MU7- Oil Sands - WQ Event Station Muskeg River - Upstream of Wapasu Creek ,Muskeg,"57° 24' 24.540"" N","111° 15' 53.160"" W",57.406816,-111.264766,2012-05-02,0.77,0.02,,,,
MU7- Oil Sands - WQ Event Station Muskeg River - Upstream of Wapasu Creek ,Muskeg,"57° 24' 24.540"" N","111° 15' 53.160"" W",57.406816,-111.264766,2012-05-10,0.74,0.03,,,,
MU7- Oil Sands - WQ Event Station Muskeg River - Upstream of Wapasu Creek ,Muskeg,"57° 24' 24.540"" N","111° 15' 53.160"" W",57.406816,-111.264766,2012-05-16,0.72,0.03,,,,
MU7- Oil Sands - WQ Event Station Muskeg River - Upstream of Wapasu Creek ,Muskeg,"57° 24' 24.540"" N","111° 15' 53.160"" W",57.406816,-111.264766,2012-05-22,1.35,0.04,,,,
MU7- Oil Sands - WQ Event Station Muskeg River - Upstream of Wapasu Creek ,Muskeg,"57° 24' 24.540"" N","111° 15' 53.160"" W",57.406816,-111.264766,2012-06-05,1.04,0.06,,,,
MU7- Oil Sands - WQ Event Station Muskeg River - Upstream of Wapasu Creek ,Muskeg,"57° 24' 24.540"" N","111° 15' 53.160"" W",57.406816,-111.264766,2012-06-12,0.55,0.05,,,,
MU7- Oil Sands - WQ Event Station Muskeg River - Upstream of Wapasu Creek ,Muskeg,"57° 24' 24.540"" N","111° 15' 53.160"" W",57.406816,-111.264766,2012-06-19,0.86,0.04,,,,
MU7- Oil Sands - WQ Event Station Muskeg River - Upstream of Wapasu Creek ,Muskeg,"57° 24' 24.540"" N","111° 15' 53.160"" W",57.406816,-111.264766,2012-06-26,1.27,0.09,,,,
MU7- Oil Sands - WQ Event Station Muskeg River - Upstream of Wapasu Creek ,Muskeg,"57° 24' 24.540"" N","111° 15' 53.160"" W",57.406816,-111.264766,2012-07-10,2.20,0.16,,,,
MU7- Oil Sands - WQ Event Station Muskeg River - Upstream of Wapasu Creek ,Muskeg,"57° 24' 24.540"" N","111° 15' 53.160"" W",57.406816,-111.264766,2012-07-25,1.46,0.20,,,,
MU7- Oil Sands - WQ Event Station Muskeg River - Upstream of Wapasu Creek ,Muskeg,"57° 24' 24.540"" N","111° 15' 53.160"" W",57.406816,-111.264766,2012-08-11,1.46,0.09,,,,
MU7- Oil Sands - WQ Event Station Muskeg River - Upstream of Wapasu Creek ,Muskeg,"57° 24' 24.540"" N","111° 15' 53.160"" W",57.406816,-111.264766,2012-08-27,1.23,0.05,,,,
Oil Sands- MU1- Oil Sands - WQ Event Station Muskeg River - Lower Reach ,Muskeg,"57° 11' 32.880"" N","111° 34' 22.500"" W",57.19246667,-111.5729167,2012-04-04,1.46,0.01,,,,
Oil Sands- MU1- Oil Sands - WQ Event Station Muskeg River - Lower Reach ,Muskeg,"57° 11' 32.880"" N","111° 34' 22.500"" W",57.19246667,-111.5729167,2012-04-11,1.18,0.02,,,,
Oil Sands- MU1- Oil Sands - WQ Event Station Muskeg River - Lower Reach ,Muskeg,"57° 11' 32.880"" N","111° 34' 22.500"" W",57.19246667,-111.5729167,2012-04-12,1.22,0.03,,,,
Oil Sands- MU1- Oil Sands - WQ Event Station Muskeg River - Lower Reach ,Muskeg,"57° 11' 32.880"" N","111° 34' 22.500"" W",57.19246667,-111.5729167,2012-04-13,1.41,0.03,,,,
Oil Sands- MU1- Oil Sands - WQ Event Station Muskeg River - Lower Reach ,Muskeg,"57° 11' 32.880"" N","111° 34' 22.500"" W",57.19246667,-111.5729167,2012-04-15,1.42,0.04,,,,
Oil Sands- MU1- Oil Sands - WQ Event Station Muskeg River - Lower Reach ,Muskeg,"57° 11' 32.880"" N","111° 34' 22.500"" W",57.19246667,-111.5729167,2012-04-16,1.42,0.03,,,,
Oil Sands- MU1- Oil Sands - WQ Event Station Muskeg River - Lower Reach ,Muskeg,"57° 11' 32.880"" N","111° 34' 22.500"" W",57.19246667,-111.5729167,2012-04-18,1.36,0.04,,,,
Oil Sands- MU1- Oil Sands - WQ Event Station Muskeg River - Lower Reach ,Muskeg,"57° 11' 32.880"" N","111° 34' 22.500"" W",57.19246667,-111.5729167,2012-04-19,1.20,0.04,,,,
Oil Sands- MU1- Oil Sands - WQ Event Station Muskeg River - Lower Reach ,Muskeg,"57° 11' 32.880"" N","111° 34' 22.500"" W",57.19246667,-111.5729167,2012-04-20,1.11,,,,,
Oil Sands- MU1- Oil Sands - WQ Event Station Muskeg River - Lower Reach ,Muskeg,"57° 11' 32.880"" N","111° 34' 22.500"" W",57.19246667,-111.5729167,2012-04-25,1.09,0.04,,,,
Oil Sands- MU1- Oil Sands - WQ Event Station Muskeg River - Lower Reach ,Muskeg,"57° 11' 32.880"" N","111° 34' 22.500"" W",57.19246667,-111.5729167,2012-04-26,1.05,0.03,,,,
Oil Sands- MU1- Oil Sands - WQ Event Station Muskeg River - Lower Reach ,Muskeg,"57° 11' 32.880"" N","111° 34' 22.500"" W",57.19246667,-111.5729167,2012-04-28,0.92,0.09,,,,
Oil Sands- MU1- Oil Sands - WQ Event Station Muskeg River - Lower Reach ,Muskeg,"57° 11' 32.880"" N","111° 34' 22.500"" W",57.19246667,-111.5729167,2012-04-29,1.08,0.02,,,,
Oil Sands- MU1- Oil Sands - WQ Event Station Muskeg River - Lower Reach ,Muskeg,"57° 11' 32.880"" N","111° 34' 22.500"" W",57.19246667,-111.5729167,2012-05-01,1.21,0.04,,,,
Oil Sands- MU1- Oil Sands - WQ Event Station Muskeg River - Lower Reach ,Muskeg,"57° 11' 32.880"" N","111° 34' 22.500"" W",57.19246667,-111.5729167,2012-05-02,1.10,0.03,,,,
Oil Sands- MU1- Oil Sands - WQ Event Station Muskeg River - Lower Reach ,Muskeg,"57° 11' 32.880"" N","111° 34' 22.500"" W",57.19246667,-111.5729167,2012-05-10,0.97,0.03,,,,
Oil Sands- MU1- Oil Sands - WQ Event Station Muskeg River - Lower Reach ,Muskeg,"57° 11' 32.880"" N","111° 34' 22.500"" W",57.19246667,-111.5729167,2012-05-16,1.34,0.04,,,,
Oil Sands- MU1- Oil Sands - WQ Event Station Muskeg River - Lower Reach ,Muskeg,"57° 11' 32.880"" N","111° 34' 22.500"" W",57.19246667,-111.5729167,2012-05-22,1.03,0.05,,,,
Oil Sands- MU1- Oil Sands - WQ Event Station Muskeg River - Lower Reach ,Muskeg,"57° 11' 32.880"" N","111° 34' 22.500"" W",57.19246667,-111.5729167,2012-06-05,1.52,0.06,,,,
Oil Sands- MU1- Oil Sands - WQ Event Station Muskeg River - Lower Reach ,Muskeg,"57° 11' 32.880"" N","111° 34' 22.500"" W",57.19246667,-111.5729167,2012-06-12,1.59,0.09,,,,
Oil Sands- MU1- Oil Sands - WQ Event Station Muskeg River - Lower Reach ,Muskeg,"57° 11' 32.880"" N","111° 34' 22.500"" W",57.19246667,-111.5729167,2012-06-19,1.84,0.08,,,,
Oil Sands- MU1- Oil Sands - WQ Event Station Muskeg River - Lower Reach ,Muskeg,"57° 11' 32.880"" N","111° 34' 22.500"" W",57.19246667,-111.5729167,2012-06-26,1.19,0.09,,,,
Oil Sands- MU1- Oil Sands - WQ Event Station Muskeg River - Lower Reach ,Muskeg,"57° 11' 32.880"" N","111° 34' 22.500"" W",57.19246667,-111.5729167,2012-07-10,2.22,0.15,,,,
Oil Sands- MU1- Oil Sands - WQ Event Station Muskeg River - Lower Reach ,Muskeg,"57° 11' 32.880"" N","111° 34' 22.500"" W",57.19246667,-111.5729167,2012-07-25,2.24,0.29,,,,
Oil Sands- MU1- Oil Sands - WQ Event Station Muskeg River - Lower Reach ,Muskeg,"57° 11' 32.880"" N","111° 34' 22.500"" W",57.19246667,-111.5729167,2012-08-11,1.95,0.15,,,,
Oil Sands- MU1- Oil Sands - WQ Event Station Muskeg River - Lower Reach ,Muskeg,"57° 11' 32.880"" N","111° 34' 22.500"" W",57.19246667,-111.5729167,2012-08-27,1.18,0.13,,,,
