National_VMV_Code,Parameter type code,Long name,Parameter list value,Unique parameter list values
77,635_00_00_00_14,Nitrogen total,Water - Nutrients,Sediment - Nutrients
202,837_00_00_00_14,Total dissolved solids (filterable residue) (calcd.),Water - Physical,Water - Biological
210,762_00_00_00_53,Saturation index (calcd.),Water - Physical,Water - Carbon
211,824_00_00_00_54,Stability index (calcd.),Water - Physical,Water - Carbonated compounds
1047,443_00_00_00_09,Colour true,Water - Physical,Water - Descriptive
2021,443_00_00_00_30,Colour true,Water - Physical,Water - Hydrocarbons
2034,817_00_00_00_34,Specific conductance,Water - Physical,Water - Major Ions
2041,817_00_00_00_34,Specific conductance,Water - Physical,Water - Metal
2061,840_00_00_00_10,Temperature water (field),Water - Physical,Water - Nonmetals
2081,864_00_00_00_28,Turbidity,Water - Physical,Water - Nutrients
2750,408_00_00_00_14,Calcium total,Water - Major Ions,Water - Oxygen
2751,585_00_00_00_14,Magnesium total,Water - Major Ions,Water - Pesticides
2752,602_00_00_00_14,Sodium total,Water - Major Ions,Water - Physical
2753,567_00_00_00_14,Potassium total,Water - Major Ions,Water - Surrogate
3009,576_00_00_00_14,Lithium total,Water - Metal,
4010,393_00_00_00_14,Beryllium total,Water - Metal,
6002,488_00_00_00_14,Carbon total organic (calcd.),Water - Carbon,
6021,4127_00_00_00_14,Europium dissolved,Water - Metal,
6022,4128_00_00_00_14,Gadolinium dissolved,Water - Metal,
6023,4129_00_00_00_14,Germanium dissolved,Water - Metal,
6024,4130_00_00_00_14,Hafnium dissolved,Water - Metal,
6025,4131_00_00_00_14,Holmium dissolved,Water - Metal,
6026,2633_00_00_00_14,Indium dissolved,Water - Metal,
6027,4132_00_00_00_14,Iridium dissolved,Water - Metal,
6028,4133_00_00_00_14,Lutetium dissolved,Water - Metal,
6029,4134_00_00_00_14,Neodymium dissolved,Water - Metal,
6030,4137_00_00_00_14,Praseodymium dissolved,Water - Metal,
6031,4140_00_00_00_14,Ruthenium dissolved,Water - Metal,
6032,2698_00_00_00_14,Scandium dissolved,Water - Metal,
6033,4141_00_00_00_14,Samarium dissolved,Water - Metal,
6034,4143_00_00_00_14,Terbium dissolved,Water - Metal,
6035,4145_00_00_00_14,Ytterbium dissolved,Water - Metal,
6036,2738_00_00_00_14,Tellurium dissolved,Water - Nonmetals,
6037,2740_00_00_00_14,Zirconium dissolved,Water - Metal,
6038,1004_00_00_00_14,Europium total,Water - Metal,
6039,3348_00_00_00_14,Gadolinium total recoverable,Water - Metal,
6040,4456_00_00_00_14,Germanium total,Water - Metal,
6041,1005_00_00_00_14,Hafnium total,Water - Metal,
6042,1996_00_00_00_14,Holmium total,Water - Metal,
6043,2764_00_00_00_14,Indium total,Water - Metal,
6044,1997_00_00_00_14,Iridium total,Water - Metal,
6045,1007_00_00_00_14,Lutetium total,Water - Metal,
6046,1998_00_00_00_14,Neodymium total,Water - Metal,
6047,1999_00_00_00_14,Praseodymium total,Water - Metal,
6048,2000_00_00_00_14,Ruthenium total,Water - Metal,
6049,1009_00_00_00_14,Scandium total,Water - Metal,
6050,1010_00_00_00_14,Samarium total,Water - Metal,
6055,1012_00_00_00_14,Terbium total,Water - Metal,
6056,1014_00_00_00_14,Ytterbium total,Water - Metal,
6058,2737_00_00_00_14,Tellurium total,Water - Nonmetals,
6059,1015_00_00_00_14,Zirconium total,Water - Metal,
6101,478_00_00_00_14,Carbon dissolved organic,Water - Carbon,
6104,478_00_00_00_14,Carbon dissolved organic,Water - Carbon,
6105,481_00_00_00_14,Carbon dissolved total,Water - Carbon,
6201,545_00_00_00_14,Bicarbonate (calcd.),Water - Major Ions,
6301,431_00_00_00_14,Carbonate (calcd.),Water - Major Ions,
6401,430_00_00_00_14,Carbon dioxide free (calcd.),Water - Carbon,
6612,428_00_00_00_14,Cyanide total,Water - Carbonated compounds,
6613,428_00_00_00_14,Cyanide total,Water - Carbonated compounds,
6902,490_00_00_00_14,Carbon particulate organic,Water - Carbon,
7110,628_00_00_00_14,Dissolved nitrite/nitrate,Water - Nutrients,
7260,612_00_00_01_02,Nitrogen nitrite,Sediment - Nutrients,
7422,292_00_00_00_14,Acenaphthene,Water - Hydrocarbons,
7423,148_00_00_00_14,Acenaphthylene,Water - Hydrocarbons,
7424,93_00_00_00_14,p-naphthalene,Water - Hydrocarbons,
7425,219_00_00_00_14,Benzo(a)anthracene,Water - Hydrocarbons,
7426,204_00_00_00_14,Benzo(a)pyrene,Water - Hydrocarbons,
7427,145_00_00_00_14,Benzo(b)fluoranthene,Water - Hydrocarbons,
7428,137_00_00_00_14,Benzo(e)pyrene,Water - Hydrocarbons,
7429,132_00_00_00_14,"Benzo(g,h,i)perylene",Water - Hydrocarbons,
7430,3756_00_00_00_14,"Benzo(j,k)fluoranthene",Water - Hydrocarbons,
7431,155_00_00_00_14,Benzo(a)phenanthrene OR chrysene,Water - Hydrocarbons,
7432,212_00_00_00_14,"Dibenzo(a,h)anthracene OR Dibenz(a,h)anthracene",Water - Hydrocarbons,
7433,146_00_00_00_14,Fluoranthene,Water - Hydrocarbons,
7434,303_00_00_00_14,Fluorene,Water - Hydrocarbons,
7435,140_00_00_00_14,"Indeno(1,2,3-c,d)pyrene",Water - Hydrocarbons,
7436,312_00_00_00_14,Naphthalene,Water - Hydrocarbons,
7437,141_00_00_00_14,Perylene,Water - Hydrocarbons,
7438,299_00_00_00_14,Phenanthrene,Water - Hydrocarbons,
7439,1272_00_00_00_14,Pyrene,Water - Hydrocarbons,
7440,3639_00_00_00_14,Acenaphthenes-C1,Water - Hydrocarbons,
7441,3637_00_00_00_14,Benz[a]anthracenes/chrysenes-C1,Water - Hydrocarbons,
7442,4832_00_00_00_14,Benzopyrenes/perylenes-C1,Water - Hydrocarbons,
7443,3640_00_00_00_14,Biphenyls-C1,Water - Hydrocarbons,
7444,4400_00_00_00_14,Dibenzothiophenes-C1,Water - Hydrocarbons,
7445,4401_00_00_00_14,Fluoranthenes/pyrenes-C1,Water - Hydrocarbons,
7446,1429_00_00_00_14,Naphthalenes-C1,Water - Hydrocarbons,
7447,1431_00_00_00_14,Phenanthrenes/anthracenes-C1,Water - Hydrocarbons,
7448,4066_00_00_00_14,Benzo(a)anthracenes/chrysenes-C2,Water - Hydrocarbons,
7449,4833_00_00_00_14,Benzopyrenes/perylenes-C2,Water - Hydrocarbons,
7450,4050_00_00_00_14,Biphenyls-C2,Water - Hydrocarbons,
7451,4053_00_00_00_14,Dibenzothiophenes-C2,Water - Hydrocarbons,
7452,4405_00_00_00_14,Fluoranthenes/pyrenes-C2,Water - Hydrocarbons,
7453,4048_00_00_00_14,Naphthalenes-C2,Water - Hydrocarbons,
7454,4055_00_00_00_14,Phenanthrenes/anthracenes-C2,Water - Hydrocarbons,
7455,3635_00_00_00_14,benz(a)anthracenes/chrysenes-C3,Water - Hydrocarbons,
7456,4834_00_00_00_14,Benzopyrenes/perylenes-C3,Water - Hydrocarbons,
7457,4054_00_00_00_14,Dibenzothiophenes-C3,Water - Hydrocarbons,
7458,4408_00_00_00_14,Fluoranthenes/pyrenes-C3,Water - Hydrocarbons,
7459,4049_00_00_00_14,Naphthalenes-C3,Water - Hydrocarbons,
7460,1432_00_00_00_14,Phenanthrenes/anthracenes-C3,Water - Hydrocarbons,
7461,3636_00_00_00_14,benz(a)anthracenes/chrysenes-C4,Water - Hydrocarbons,
7462,4835_00_00_00_14,Benzopyrenes/perylenes-C4,Water - Hydrocarbons,
7463,4410_00_00_00_14,Fluoranthenes/pyrenes-C4,Water - Hydrocarbons,
7464,1430_00_00_00_14,Naphthalenes-C4,Water - Hydrocarbons,
7465,1433_00_00_00_14,Phenanthrenes/anthracenes-C4,Water - Hydrocarbons,
7466,4837_00_00_00_14,benz[a]anthracenes/chrysenes-C5,Water - Hydrocarbons,
7467,4836_00_00_00_14,Benzopyrenes/perylenes-C5,Water - Hydrocarbons,
7468,4838_00_00_00_14,Fluoranthenes/pyrenes-C5,Water - Hydrocarbons,
7469,4526_00_00_00_14,Naphthalenes-C5,Water - Hydrocarbons,
7470,4840_00_00_00_14,Phenanthrenes/anthracenes-C5,Water - Hydrocarbons,
7471,1505_00_00_00_01,Acenaphthene-D10 (ACE-d10),Water - Surrogate,
7472,3643_00_00_00_01,Acenaphthylene-D8,Water - Surrogate,
7473,3760_00_00_00_01,Benz(a)anthracene-D12,Water - Surrogate,
7474,3040_00_00_00_01,Benzo(a)pyrene-D12,Water - Surrogate,
7475,3761_00_00_00_01,Benzo(b)fluoranthene-D12,Water - Surrogate,
7476,1428_00_00_00_01,"Benzo(g,h,i)perylene-D12 (B-ghiPer-d12)",Water - Surrogate,
7477,3762_00_00_00_01,Benzo(k)fluoranthene-D12,Water - Surrogate,
7478,1426_00_00_00_01,Chrysene-D12 (Chry-d12),Water - Surrogate,
7479,1427_00_00_00_01,"Dibenzo(a,h)anthracene-D14",Water - Surrogate,
7480,3642_00_00_00_01,Fluoranthene-D10 (F-d10),Water - Surrogate,
7481,3763_00_00_00_01,"Indeno(1,2,3-c,d)pyrene-D12",Water - Surrogate,
7482,3037_00_00_00_01,Naphthalene-D8,Water - Surrogate,
7483,1156_00_00_00_01,Perylene-D12,Water - Surrogate,
7484,1425_00_00_00_01,Phenanthrene-D10 (Phe-d10),Water - Surrogate,
7485,1491_00_00_00_01,Pyrene-D10,Water - Surrogate,
7556,604_00_00_00_14,Ammonia dissolved,Water - Nutrients,
7557,604_00_00_00_14,Ammonia dissolved,Water - Nutrients,
7562,604_00_00_00_14,Ammonia dissolved,Water - Nutrients,
7563,604_00_00_00_14,Ammonia dissolved,Water - Nutrients,
7566,604_00_00_00_14,Ammonia dissolved,Water - Nutrients,
7570,606_00_00_00_14,Ammonia un-ionized (calcd.),Water - Nutrients,
7603,635_00_00_00_14,Nitrogen total,Water - Nutrients,
7902,632_00_00_00_14,Nitrogen particulate,Water - Nutrients,
8005,92_00_00_00_14,Tetrahydronaphthalene,Water - Hydrocarbons,
8006,312_00_00_00_14,Naphthalene,Water - Hydrocarbons,
8007,306_00_00_00_14,Hexachlorobutadiene,Water - Hydrocarbons,
8008,315_00_00_00_14,2-chloronaphthalene,Water - Hydrocarbons,
8010,148_00_00_00_14,Acenaphthylene,Water - Hydrocarbons,
8011,292_00_00_00_14,Acenaphthene,Water - Hydrocarbons,
8012,237_00_00_00_14,Pentachlorobenzene,Water - Hydrocarbons,
8013,303_00_00_00_14,Fluorene,Water - Hydrocarbons,
8021,181_00_00_00_14,alpha-benzene hexachloride OR alpha-(hexachlorocyclohexane OR hexachlorane OR BHC OR HCH),Water - Hydrocarbons,
8023,91_00_00_00_14,Hexachlorobenzene,Water - Hydrocarbons,
8027,227_00_00_00_14,gamma-benzene hexachloride OR gamma-(hexachlorocyclohexane OR hexachlorane OR BHC OR HCH) OR Lindane,Water - Pesticides,
8029,299_00_00_00_14,Phenanthrene,Water - Hydrocarbons,
8031,1270_00_00_00_14,Anthracene,Water - Hydrocarbons,
8040,146_00_00_00_14,Fluoranthene,Water - Hydrocarbons,
8041,46_00_00_00_14,Captan,Water - Pesticides,
8042,207_00_00_00_14,gamma-chlordane,Water - Pesticides,
8043,1272_00_00_00_14,Pyrene,Water - Hydrocarbons,
8044,1045_00_00_00_14,Endosulfan I,Water - Pesticides,
8045,206_00_00_00_14,alpha-chlordane,Water - Pesticides,
8046,2852_00_00_00_14,trans-nonachlor,Water - Pesticides,
8047,235_00_00_00_14,Dieldrin,Water - Pesticides,
8048,261_00_00_00_14,"p,p'-DDE (4,4'-DDE)",Water - Pesticides,
8049,1046_00_00_00_14,Endosulfan II,Water - Pesticides,
8050,287_00_00_00_14,"o,p'-DDT (2,4'-DDT)",Water - Pesticides,
8052,1909_00_00_00_14,Endosulfan sulphate,Water - Pesticides,
8053,200_00_00_00_14,"p,p'-DDT (4,4'-DDT)",Water - Pesticides,
8056,219_00_00_00_14,Benzo(a)anthracene,Water - Hydrocarbons,
8058,155_00_00_00_14,Benzo(a)phenanthrene OR chrysene,Water - Hydrocarbons,
8060,165_00_00_00_14,Mirex,Water - Pesticides,
8062,145_00_00_00_14,Benzo(b)fluoranthene,Water - Hydrocarbons,
8063,147_00_00_00_14,Benzo(k)fluoranthene,Water - Hydrocarbons,
8064,137_00_00_00_14,Benzo(e)pyrene,Water - Hydrocarbons,
8065,204_00_00_00_14,Benzo(a)pyrene,Water - Hydrocarbons,
8066,140_00_00_00_14,"Indeno(1,2,3-c,d)pyrene",Water - Hydrocarbons,
8067,212_00_00_00_14,"Dibenzo(a,h)anthracene OR Dibenz(a,h)anthracene",Water - Hydrocarbons,
8068,132_00_00_00_14,"Benzo(g,h,i)perylene",Water - Hydrocarbons,
8069,1651_00_00_00_01,"1,3-dibromobenzene",Water - Hydrocarbons,
8070,243_00_00_00_01,"1,3,5-tribromobenzene",Water - Surrogate,
8071,3038_00_00_00_01,Fluorene-D10,Water - Surrogate,
8073,247_00_00_00_01,"1,2,4,5-tetrabromobenzene (1,2,4,5-TBB)",Water - Surrogate,
8075,2083_00_00_00_01,gamma-BHC-13C6 OR gamma-HCH-13C6,Water - Surrogate,
8076,42_00_00_00_01,delta-hexachlorocyclohexane-13C OR delta-HCH-13C or delta-BHC-13C,Water - Surrogate,
8079,2085_00_00_00_01,Oxychlordane-13C10,Water - Surrogate,
8080,2086_00_00_00_01,gamma-Chlordane-D10,Water - Surrogate,
8081,1491_00_00_00_01,Pyrene-D10,Water - Surrogate,
8082,2087_00_00_00_01,"p,p'-DDT-D8",Water - Surrogate,
8083,2088_00_00_00_01,Endosulfan sulfate-13C9,Water - Surrogate,
8084,3255_00_00_00_01,Methoxychlor-13C12,Water - Surrogate,
8085,1156_00_00_00_01,Perylene-D12,Water - Surrogate,
8086,3763_00_00_00_01,"Indeno(1,2,3-c,d)pyrene-D12",Water - Surrogate,
8101,659_00_00_00_14,Oxygen dissolved,Water - Oxygen,
8102,659_00_00_00_14,Oxygen dissolved,Water - Oxygen,
8501,641_00_00_00_14,Hydroxide (calcd.),Water - Major Ions,
9117,532_00_00_00_14,Fluoride dissolved,Water - Major Ions,
10101,364_00_00_00_14,Alkalinity total CaCO3,Water - Physical,
10111,364_00_00_00_14,Alkalinity total CaCO3,Water - Physical,
10151,366_00_00_00_14,Alkalinity phenolphthalein CaCO3,Water - Physical,
10301,687_00_00_00_29,pH,Water - Physical,
10406,749_00_00_00_14,Residue nonfilterable,Water - Physical,
10451,745_00_00_00_14,Residue filterable,Water - Physical,
10602,542_00_00_00_14,Hardness total (calcd.) CaCO3,Water - Physical,
10650,540_00_00_00_14,Hardness non-carbonated (calcd.),Water - Physical,
11005,602_00_00_00_14,Sodium total,Water - Major Ions,
11103,600_00_00_00_14,Sodium dissolved/filtered,Water - Major Ions,
11201,599_00_00_00_30,Sodium adsorption ratio (calcd.),Water - Major Ions,
11250,598_00_00_00_01,Sodium percentage (calcd.),Water - Major Ions,
12005,585_00_00_00_14,Magnesium total,Water - Major Ions,
12102,581_00_00_00_14,Magnesium dissolved,Water - Major Ions,
13009,373_00_00_00_14,Aluminum total,Water - Metal,
14108,784_00_00_00_14,SiO2,Water - Major Ions,
15102,731_00_00_00_14,Phosphorus total dissolved,Water - Nutrients,
15104,731_00_00_00_14,Phosphorus total dissolved,Water - Nutrients,
15403,704_00_00_00_14,Phosphate total,Water - Nutrients,
15406,730_00_00_00_14,Phosphorus total,Water - Nutrients,
15411,730_00_00_00_14,Phosphorus total,Water - Nutrients,
15463,732_00_00_00_14,Phosphorus total filtered,Water - Nutrients,
15901,725_00_00_00_14,Phosphorus particulate (calcd.),Water - Nutrients,
16306,814_00_00_00_14,Sulphate dissolved,Water - Major Ions,
16309,814_00_00_00_14,Sulphate dissolved,Water - Major Ions,
17206,426_00_00_00_14,Chloride dissolved,Water - Major Ions,
17209,426_00_00_00_14,Chloride dissolved,Water - Major Ions,
19005,567_00_00_00_14,Potassium total,Water - Major Ions,
19103,565_00_00_00_14,Potassium dissolved/filtered,Water - Major Ions,
20005,408_00_00_00_14,Calcium total,Water - Major Ions,
20103,404_00_00_00_14,Calcium dissolved,Water - Major Ions,
23009,878_00_00_00_14,Vanadium total,Water - Metal,
24009,463_00_00_00_14,Chromium total,Water - Metal,
25010,591_00_00_00_14,Manganese total,Water - Metal,
26009,519_00_00_00_14,Iron total,Water - Metal,
27009,456_00_00_00_14,Cobalt total,Water - Metal,
28009,610_00_00_00_14,Nickel total,Water - Metal,
29009,470_00_00_00_14,Copper total,Water - Metal,
30009,890_00_00_00_14,Zinc total,Water - Metal,
33108,376_00_00_00_14,Arsenic dissolved,Water - Metal,
34108,779_00_00_00_14,Selenium dissolved,Water - Metal,
36002,434_00_00_00_27,Coliforms total,Water - Biological,
36014,433_00_00_00_27,Fecal coliforms,Water - Biological,
38009,823_00_00_00_14,Strontium total,Water - Metal,
42009,595_00_00_00_14,Molybdenum total,Water - Metal,
48009,412_00_00_00_14,Cadmium total,Water - Metal,
56009,388_00_00_00_14,Barium total,Water - Metal,
74343,1156_00_00_00_01,Perylene-D12,Water - Surrogate,
82009,683_00_00_00_14,Lead total,Water - Metal,
96211,92_00_00_00_14,Tetrahydronaphthalene,Water - Hydrocarbons,
96212,314_00_00_00_14,2-methylnaphthalene,Water - Hydrocarbons,
96213,311_00_00_00_14,1-methylnaphthalene,Water - Hydrocarbons,
96214,315_00_00_00_14,2-chloronaphthalene,Water - Hydrocarbons,
96215,148_00_00_00_14,Acenaphthylene,Water - Hydrocarbons,
96216,292_00_00_00_14,Acenaphthene,Water - Hydrocarbons,
96217,303_00_00_00_14,Fluorene,Water - Hydrocarbons,
96218,299_00_00_00_14,Phenanthrene,Water - Hydrocarbons,
96219,1272_00_00_00_14,Pyrene,Water - Hydrocarbons,
96220,146_00_00_00_14,Fluoranthene,Water - Hydrocarbons,
96221,145_00_00_00_14,Benzo(b)fluoranthene,Water - Hydrocarbons,
96222,147_00_00_00_14,Benzo(k)fluoranthene,Water - Hydrocarbons,
96223,204_00_00_00_14,Benzo(a)pyrene,Water - Hydrocarbons,
96224,140_00_00_00_14,"Indeno(1,2,3-c,d)pyrene",Water - Hydrocarbons,
96225,132_00_00_00_14,"Benzo(g,h,i)perylene",Water - Hydrocarbons,
96226,327_00_00_00_14,Indene,Water - Hydrocarbons,
97501,401_00_00_00_14,Boron total,Water - Metal,
97502,388_00_00_00_14,Barium total,Water - Metal,
97503,393_00_00_00_14,Beryllium total,Water - Metal,
97504,1049_00_00_00_14,Bismuth total,Water - Metal,
97505,412_00_00_00_14,Cadmium total,Water - Metal,
97506,1002_00_00_00_14,Cerium total,Water - Metal,
97507,456_00_00_00_14,Cobalt total,Water - Metal,
97508,463_00_00_00_14,Chromium total,Water - Metal,
97509,1003_00_00_00_14,Cesium total,Water - Metal,
97510,470_00_00_00_14,Copper total,Water - Metal,
97511,519_00_00_00_14,Iron total,Water - Metal,
97512,3135_00_00_00_14,Gallium total,Water - Metal,
97513,1006_00_00_00_14,Lanthanum total,Water - Metal,
97514,576_00_00_00_14,Lithium total,Water - Metal,
97515,591_00_00_00_14,Manganese total,Water - Metal,
97516,595_00_00_00_14,Molybdenum total,Water - Metal,
97517,3334_00_00_00_14,Niobium total,Water - Metal,
97518,610_00_00_00_14,Nickel total,Water - Metal,
97519,683_00_00_00_14,Lead total,Water - Metal,
97520,3335_00_00_00_14,Platinum total,Water - Metal,
97521,1008_00_00_00_14,Rubidium total,Water - Metal,
97522,766_00_00_00_14,Antimony total,Water - Metal,
97523,782_00_00_00_14,Selenium total,Water - Metal,
97524,812_00_00_00_14,Tin total,Water - Metal,
97525,823_00_00_00_14,Strontium total,Water - Metal,
97527,861_00_00_00_14,Thallium total,Water - Metal,
97528,2725_00_00_00_14,Uranium total,Water - Metal,
97529,878_00_00_00_14,Vanadium total,Water - Metal,
97530,1013_00_00_00_14,Tungsten total,Water - Metal,
97531,3336_00_00_00_14,Yttrium total,Water - Metal,
97532,890_00_00_00_14,Zinc total,Water - Metal,
97958,532_00_00_00_14,Fluoride dissolved,Water - Major Ions,
97962,348_00_00_00_14,Silver dissolved,Water - Metal,
97963,370_00_00_00_14,Aluminum dissolved,Water - Metal,
97964,376_00_00_00_14,Arsenic dissolved,Water - Metal,
97965,399_00_00_00_14,Boron dissolved,Water - Metal,
97966,386_00_00_00_14,Barium dissolved,Water - Metal,
97967,391_00_00_00_14,Beryllium dissolved,Water - Metal,
97968,1050_00_00_00_14,Bismuth dissolved,Water - Metal,
97969,409_00_00_00_14,Cadmium dissolved,Water - Metal,
97970,3327_00_00_00_14,Cerium dissolved,Water - Metal,
97971,453_00_00_00_14,Cobalt dissolved,Water - Metal,
97972,460_00_00_00_14,Chromium dissolved,Water - Metal,
97973,2634_00_00_00_14,Cesium dissolved,Water - Metal,
97974,467_00_00_00_14,Copper dissolved,Water - Metal,
97975,516_00_00_00_14,Iron dissolved,Water - Metal,
97976,2840_00_00_00_14,Gallium dissolved,Water - Metal,
97977,2842_00_00_00_14,Lanthanum dissolved,Water - Metal,
97978,574_00_00_00_14,Lithium dissolved,Water - Metal,
97979,588_00_00_00_14,Manganese dissolved,Water - Metal,
97980,593_00_00_00_14,Molybdenum dissolved,Water - Metal,
97981,3328_00_00_00_14,Niobium dissolved,Water - Metal,
97982,607_00_00_00_14,Nickel dissolved,Water - Metal,
97983,678_00_00_00_14,Lead dissolved,Water - Metal,
97984,3329_00_00_00_14,Platinum dissolved,Water - Metal,
97985,2632_00_00_00_14,Rubidium dissolved,Water - Metal,
97986,763_00_00_00_14,Antimony dissolved,Water - Metal,
97987,779_00_00_00_14,Selenium dissolved,Water - Metal,
97988,810_00_00_00_14,Tin dissolved,Water - Metal,
97989,819_00_00_00_14,Strontium dissolved,Water - Metal,
97991,859_00_00_00_14,Thallium dissolved,Water - Metal,
97992,872_00_00_00_14,Uranium dissolved,Water - Metal,
97993,876_00_00_00_14,Vanadium dissolved,Water - Metal,
97994,2700_00_00_00_14,Tungsten dissolved,Water - Metal,
97995,3330_00_00_00_14,Yttrium dissolved,Water - Metal,
97996,887_00_00_00_14,Zinc dissolved,Water - Metal,
97997,350_00_00_00_14,Silver total,Water - Metal,
97998,373_00_00_00_14,Aluminum total,Water - Metal,
97999,379_00_00_00_14,Arsenic total,Water - Metal,
100081,371_00_00_00_14,Aluminum extractable,Water - Metal,
100082,387_00_00_00_14,Barium extractable,Water - Metal,
100083,392_00_00_00_14,Beryllium extractable,Water - Metal,
100084,410_00_00_00_14,Cadmium extractable,Water - Metal,
100085,454_00_00_00_14,Cobalt extractable,Water - Metal,
100086,461_00_00_00_14,Chromium extractable,Water - Metal,
100087,468_00_00_00_14,Copper extractable,Water - Metal,
100088,517_00_00_00_14,Iron extractable,Water - Metal,
100089,575_00_00_00_14,Lithium extractable,Water - Metal,
100090,589_00_00_00_14,Manganese extractable,Water - Metal,
100091,594_00_00_00_14,Molybdenum extractable,Water - Metal,
100092,608_00_00_00_14,Nickel extractable,Water - Metal,
100093,679_00_00_00_14,Lead extractable,Water - Metal,
100094,820_00_00_00_14,Strontium extractable,Water - Metal,
100095,877_00_00_00_14,Vanadium extractable,Water - Metal,
100096,888_00_00_00_14,Zinc extractable,Water - Metal,
100097,400_00_00_00_14,Boron extractable,Water - Metal,
100098,406_00_00_00_14,Calcium extractable/unfiltered,Water - Major Ions,
100099,583_00_00_00_14,Magnesium extractable/unfiltered,Water - Major Ions,
100100,2630_00_00_00_14,Sodium extractable/unfiltered,Water - Major Ions,
100101,2631_00_00_00_14,Potassium extractable/unfiltered,Water - Major Ions,
100175,370_00_00_00_14,Aluminum dissolved,Water - Metal,
100176,386_00_00_00_14,Barium dissolved,Water - Metal,
100177,391_00_00_00_14,Beryllium dissolved,Water - Metal,
100178,409_00_00_00_14,Cadmium dissolved,Water - Metal,
100179,453_00_00_00_14,Cobalt dissolved,Water - Metal,
100180,460_00_00_00_14,Chromium dissolved,Water - Metal,
100181,467_00_00_00_14,Copper dissolved,Water - Metal,
100182,516_00_00_00_14,Iron dissolved,Water - Metal,
100183,574_00_00_00_14,Lithium dissolved,Water - Metal,
100184,588_00_00_00_14,Manganese dissolved,Water - Metal,
100185,593_00_00_00_14,Molybdenum dissolved,Water - Metal,
100186,607_00_00_00_14,Nickel dissolved,Water - Metal,
100187,678_00_00_00_14,Lead dissolved,Water - Metal,
100188,819_00_00_00_14,Strontium dissolved,Water - Metal,
100189,876_00_00_00_14,Vanadium dissolved,Water - Metal,
100190,887_00_00_00_14,Zinc dissolved,Water - Metal,
100191,404_00_00_00_14,Calcium dissolved,Water - Major Ions,
100192,581_00_00_00_14,Magnesium dissolved,Water - Major Ions,
100193,600_00_00_00_14,Sodium dissolved/filtered,Water - Major Ions,
100194,565_00_00_00_14,Potassium dissolved/filtered,Water - Major Ions,
100216,373_00_00_00_14,Aluminum total,Water - Metal,
100217,388_00_00_00_14,Barium total,Water - Metal,
100218,393_00_00_00_14,Beryllium total,Water - Metal,
100219,412_00_00_00_14,Cadmium total,Water - Metal,
100220,456_00_00_00_14,Cobalt total,Water - Metal,
100221,463_00_00_00_14,Chromium total,Water - Metal,
100222,470_00_00_00_14,Copper total,Water - Metal,
100223,519_00_00_00_14,Iron total,Water - Metal,
100224,576_00_00_00_14,Lithium total,Water - Metal,
100225,591_00_00_00_14,Manganese total,Water - Metal,
100226,595_00_00_00_14,Molybdenum total,Water - Metal,
100227,610_00_00_00_14,Nickel total,Water - Metal,
100228,683_00_00_00_14,Lead total,Water - Metal,
100229,823_00_00_00_14,Strontium total,Water - Metal,
100230,878_00_00_00_14,Vanadium total,Water - Metal,
100231,890_00_00_00_14,Zinc total,Water - Metal,
100232,408_00_00_00_14,Calcium total,Water - Major Ions,
100233,585_00_00_00_14,Magnesium total,Water - Major Ions,
100234,602_00_00_00_14,Sodium total,Water - Major Ions,
100235,567_00_00_00_14,Potassium total,Water - Major Ions,
100253,376_00_00_00_14,Arsenic dissolved,Water - Metal,
100254,779_00_00_00_14,Selenium dissolved,Water - Metal,
100300,475_00_00_00_14,Carbon dissolved inorganic,Water - Carbon,
100304,2652_00_00_00_14,Nitrite and nitrate filtered,Water - Nutrients,
100306,2654_00_00_00_14,Ammonia filtered,Water - Nutrients,
100324,350_00_00_00_14,Silver total,Water - Metal,
100431,404_00_00_00_14,Calcium dissolved,Water - Major Ions,
100432,581_00_00_00_14,Magnesium dissolved,Water - Major Ions,
100433,600_00_00_00_14,Sodium dissolved/filtered,Water - Major Ions,
100434,565_00_00_00_14,Potassium dissolved/filtered,Water - Major Ions,
100499,565_00_00_00_14,Potassium dissolved/filtered,Water - Major Ions,
100500,600_00_00_00_14,Sodium dissolved/filtered,Water - Major Ions,
101401,436_00_00_00_09,Colour,Water - Physical,
102091,181_00_00_00_14,alpha-benzene hexachloride OR alpha-(hexachlorocyclohexane OR hexachlorane OR BHC OR HCH),Water - Hydrocarbons,
102092,91_00_00_00_14,Hexachlorobenzene,Water - Hydrocarbons,
102093,247_00_00_00_01,"1,2,4,5-tetrabromobenzene (1,2,4,5-TBB)",Water - Surrogate,
102094,227_00_00_00_14,gamma-benzene hexachloride OR gamma-(hexachlorocyclohexane OR hexachlorane OR BHC OR HCH) OR Lindane,Water - Pesticides,
102095,2679_00_00_00_01,delta-benzene hexachloride OR delta-(hexachlorocyclohexane OR hexachlorane OR BHC OR HCH),Water - Pesticides,
102096,281_00_00_00_14,Heptachlor,Water - Pesticides,
102097,177_00_00_00_14,Aldrin,Water - Pesticides,
102098,60_00_00_00_14,Heptachlor epoxide,Water - Pesticides,
102099,207_00_00_00_14,gamma-chlordane,Water - Pesticides,
102100,335_00_00_00_14,alpha-endosulfan,Water - Pesticides,
102101,206_00_00_00_14,alpha-chlordane,Water - Pesticides,
102102,235_00_00_00_14,Dieldrin,Water - Pesticides,
102103,261_00_00_00_14,"p,p'-DDE (4,4'-DDE)",Water - Pesticides,
102104,258_00_00_00_14,Endrin,Water - Pesticides,
102105,187_00_00_00_14,Beta-endosulfan,Water - Pesticides,
102106,260_00_00_00_14,"p,p'-dichlorodiphenyl dichloroethane (p,p'-DDD) OR 1,2-diphenyl tetrachloroethane (4,4'-DDD)",Water - Pesticides,
102107,287_00_00_00_14,"o,p'-DDT (2,4'-DDT)",Water - Pesticides,
102108,200_00_00_00_14,"p,p'-DDT (4,4'-DDT)",Water - Pesticides,
102109,643_00_00_00_01,Endrin ketone as a surrogate,Water - Surrogate,
102110,259_00_00_00_14,"p,p'-methoxychlor (methoxychlor)",Water - Pesticides,
102111,165_00_00_00_14,Mirex,Water - Pesticides,
102122,237_00_00_00_14,Pentachlorobenzene,Water - Hydrocarbons,
102123,327_00_00_00_14,Indene,Water - Hydrocarbons,
102124,92_00_00_00_14,Tetrahydronaphthalene,Water - Hydrocarbons,
102125,312_00_00_00_14,Naphthalene,Water - Hydrocarbons,
102126,314_00_00_00_14,2-methylnaphthalene,Water - Hydrocarbons,
102127,311_00_00_00_14,1-methylnaphthalene,Water - Hydrocarbons,
102128,315_00_00_00_14,2-chloronaphthalene,Water - Hydrocarbons,
102129,148_00_00_00_14,Acenaphthylene,Water - Hydrocarbons,
102130,292_00_00_00_14,Acenaphthene,Water - Hydrocarbons,
102131,303_00_00_00_14,Fluorene,Water - Hydrocarbons,
102132,299_00_00_00_14,Phenanthrene,Water - Hydrocarbons,
102133,93_00_00_00_14,p-naphthalene,Water - Hydrocarbons,
102134,146_00_00_00_14,Fluoranthene,Water - Hydrocarbons,
102135,1272_00_00_00_14,Pyrene,Water - Hydrocarbons,
102136,219_00_00_00_14,Benzo(a)anthracene,Water - Hydrocarbons,
102137,155_00_00_00_14,Benzo(a)phenanthrene OR chrysene,Water - Hydrocarbons,
102138,145_00_00_00_14,Benzo(b)fluoranthene,Water - Hydrocarbons,
102139,147_00_00_00_14,Benzo(k)fluoranthene,Water - Hydrocarbons,
102140,137_00_00_00_14,Benzo(e)pyrene,Water - Hydrocarbons,
102141,204_00_00_00_14,Benzo(a)pyrene,Water - Hydrocarbons,
102142,141_00_00_00_14,Perylene,Water - Hydrocarbons,
102143,140_00_00_00_14,"Indeno(1,2,3-c,d)pyrene",Water - Hydrocarbons,
102144,212_00_00_00_14,"Dibenzo(a,h)anthracene OR Dibenz(a,h)anthracene",Water - Hydrocarbons,
102145,132_00_00_00_14,"Benzo(g,h,i)perylene",Water - Hydrocarbons,
102146,3037_00_00_00_01,Naphthalene-D8,Water - Surrogate,
102147,3038_00_00_00_01,Fluorene-D10,Water - Surrogate,
102148,3039_00_00_00_01,Pyrene-D10,Water - Surrogate,
102615,628_00_00_00_14,Dissolved nitrite/nitrate,Water - Nutrients,
106000,2653_00_00_00_14,Nitrite and nitrate unfiltered,Water - Nutrients,
106001,637_00_00_00_14,Nitrogen total dissolved,Water - Nutrients,
106002,687_00_00_00_29,pH,Water - Physical,
106003,864_00_00_00_28,Turbidity,Water - Physical,
106004,745_00_00_00_14,Residue filterable,Water - Physical,
106005,749_00_00_00_14,Residue nonfilterable,Water - Physical,
106006,731_00_00_00_14,Phosphorus total dissolved,Water - Nutrients,
106007,730_00_00_00_14,Phosphorus total,Water - Nutrients,
106008,478_00_00_00_14,Carbon dissolved organic,Water - Carbon,
106014,426_00_00_00_14,Chloride dissolved,Water - Major Ions,
106016,532_00_00_00_14,Fluoride dissolved,Water - Major Ions,
106017,615_00_00_00_14,Dissolved nitrogen nitrate,Water - Nutrients,
106018,613_00_00_00_14,Nitrogen dissolved nitrite,Water - Nutrients,
106153,306_00_00_00_14,Hexachlorobutadiene,Water - Hydrocarbons,
106154,4044_00_00_00_14,b-hexachlorocyclohexane (B-HCH),Water - Pesticides,
106155,4045_00_00_00_14,Pentachloroanisole,Water - Hydrocarbons,
106156,1047_00_00_00_14,Oxychlordane,Water - Pesticides,
106157,192_00_00_00_14,"o,p'-DDE (2,4'-DDE)",Water - Pesticides,
106158,211_00_00_00_14,"o,p'-DDD (mitotane) (2,4'-DDD)",Water - Pesticides,
106159,2852_00_00_00_14,trans-nonachlor,Water - Pesticides,
106160,4046_00_00_00_14,cis-nonachlor,Water - Pesticides,
107055,635_00_00_00_14,Nitrogen total,Water - Nutrients,
107056,443_00_00_00_41,Colour true,Water - Physical,
107200,635_00_00_00_14,Nitrogen total,Water - Nutrients,
107205,637_00_00_00_14,Nitrogen total dissolved,Water - Nutrients,
107904,350_00_00_00_14,Silver total,Water - Metal,
107905,373_00_00_00_14,Aluminum total,Water - Metal,
107906,379_00_00_00_14,Arsenic total,Water - Metal,
107907,401_00_00_00_14,Boron total,Water - Metal,
107908,388_00_00_00_14,Barium total,Water - Metal,
107909,393_00_00_00_14,Beryllium total,Water - Metal,
107910,1049_00_00_00_14,Bismuth total,Water - Metal,
107911,412_00_00_00_14,Cadmium total,Water - Metal,
107912,1002_00_00_00_14,Cerium total,Water - Metal,
107913,456_00_00_00_14,Cobalt total,Water - Metal,
107914,463_00_00_00_14,Chromium total,Water - Metal,
107915,1003_00_00_00_14,Cesium total,Water - Metal,
107916,470_00_00_00_14,Copper total,Water - Metal,
107917,519_00_00_00_14,Iron total,Water - Metal,
107918,3135_00_00_00_14,Gallium total,Water - Metal,
107919,1006_00_00_00_14,Lanthanum total,Water - Metal,
107920,576_00_00_00_14,Lithium total,Water - Metal,
107921,591_00_00_00_14,Manganese total,Water - Metal,
107922,595_00_00_00_14,Molybdenum total,Water - Metal,
107923,3334_00_00_00_14,Niobium total,Water - Metal,
107924,610_00_00_00_14,Nickel total,Water - Metal,
107925,683_00_00_00_14,Lead total,Water - Metal,
107927,3335_00_00_00_14,Platinum total,Water - Metal,
107928,1008_00_00_00_14,Rubidium total,Water - Metal,
107929,766_00_00_00_14,Antimony total,Water - Metal,
107930,782_00_00_00_14,Selenium total,Water - Metal,
107931,812_00_00_00_14,Tin total,Water - Metal,
107932,823_00_00_00_14,Strontium total,Water - Metal,
107933,858_00_00_00_14,Titanium total,Water - Metal,
107934,861_00_00_00_14,Thallium total,Water - Metal,
107935,2725_00_00_00_14,Uranium total,Water - Metal,
107936,878_00_00_00_14,Vanadium total,Water - Metal,
107937,1013_00_00_00_14,Tungsten total,Water - Metal,
107938,3336_00_00_00_14,Yttrium total,Water - Metal,
107939,890_00_00_00_14,Zinc total,Water - Metal,
107940,348_00_00_00_14,Silver dissolved,Water - Metal,
107941,370_00_00_00_14,Aluminum dissolved,Water - Metal,
107942,376_00_00_00_14,Arsenic dissolved,Water - Metal,
107943,399_00_00_00_14,Boron dissolved,Water - Metal,
107944,386_00_00_00_14,Barium dissolved,Water - Metal,
107945,391_00_00_00_14,Beryllium dissolved,Water - Metal,
107946,1050_00_00_00_14,Bismuth dissolved,Water - Metal,
107947,409_00_00_00_14,Cadmium dissolved,Water - Metal,
107948,3327_00_00_00_14,Cerium dissolved,Water - Metal,
107949,453_00_00_00_14,Cobalt dissolved,Water - Metal,
107950,460_00_00_00_14,Chromium dissolved,Water - Metal,
107951,2634_00_00_00_14,Cesium dissolved,Water - Metal,
107952,467_00_00_00_14,Copper dissolved,Water - Metal,
107953,516_00_00_00_14,Iron dissolved,Water - Metal,
107954,2840_00_00_00_14,Gallium dissolved,Water - Metal,
107955,2842_00_00_00_14,Lanthanum dissolved,Water - Metal,
107956,574_00_00_00_14,Lithium dissolved,Water - Metal,
107957,588_00_00_00_14,Manganese dissolved,Water - Metal,
107958,593_00_00_00_14,Molybdenum dissolved,Water - Metal,
107959,3328_00_00_00_14,Niobium dissolved,Water - Metal,
107960,607_00_00_00_14,Nickel dissolved,Water - Metal,
107961,678_00_00_00_14,Lead dissolved,Water - Metal,
107963,3329_00_00_00_14,Platinum dissolved,Water - Metal,
107964,2632_00_00_00_14,Rubidium dissolved,Water - Metal,
107965,763_00_00_00_14,Antimony dissolved,Water - Metal,
107966,779_00_00_00_14,Selenium dissolved,Water - Metal,
107967,810_00_00_00_14,Tin dissolved,Water - Metal,
107968,819_00_00_00_14,Strontium dissolved,Water - Metal,
107969,856_00_00_00_14,Titanium dissolved,Water - Metal,
107970,859_00_00_00_14,Thallium dissolved,Water - Metal,
107971,872_00_00_00_14,Uranium dissolved,Water - Metal,
107972,876_00_00_00_14,Vanadium dissolved,Water - Metal,
107973,2700_00_00_00_14,Tungsten dissolved,Water - Metal,
107974,3330_00_00_00_14,Yttrium dissolved,Water - Metal,
107975,887_00_00_00_14,Zinc dissolved,Water - Metal,
108310,532_00_00_00_14,Fluoride dissolved,Water - Major Ions,
108311,426_00_00_00_14,Chloride dissolved,Water - Major Ions,
108312,814_00_00_00_14,Sulphate dissolved,Water - Major Ions,
109026,1040_00_00_00_29,pH (Field),Water - Physical,
109027,3357_00_00_00_34,Conductance (field),Water - Physical,
109028,840_00_00_00_10,Temperature water (field),Water - Physical,
109109,404_00_00_00_14,Calcium dissolved,Water - Major Ions,
109110,565_00_00_00_14,Potassium dissolved/filtered,Water - Major Ions,
109111,581_00_00_00_14,Magnesium dissolved,Water - Major Ions,
109112,600_00_00_00_14,Sodium dissolved/filtered,Water - Major Ions,
109113,3540_00_00_00_14,Silica soluble reactive,Water - Major Ions,
110001,3469_00_00_00_28,Turbidity (field),Water - Descriptive,
